"celltype_clean","celltype.l3","TP","FP","FN","TN","Mean_Z","n","Accuracy","Balanced_Accuracy","Method","Signature","Ext","Mode"
"B-cells","B intermediate kappa",0,0,0,36,-0.140509052579119,36,1,0.499999986111112,"AUCell","HP_ABNORMAL",FALSE,"kmeans"
"B-cells","B intermediate lambda",0,0,0,166,-0.0988270890767915,166,1,0.499999996987952,"AUCell","HP_ABNORMAL",FALSE,"kmeans"
"B-cells","B memory kappa",0,0,1,44,-0.104406956515308,45,0.977777777777778,0.499999988636364,"AUCell","HP_ABNORMAL",FALSE,"kmeans"
"B-cells","B memory lambda",0,0,0,34,-0.140509052579119,34,1,0.499999985294118,"AUCell","HP_ABNORMAL",FALSE,"kmeans"
"B-cells","B naive kappa",0,0,1,247,-0.124053168576073,248,0.995967741935484,0.499999997975708,"AUCell","HP_ABNORMAL",FALSE,"kmeans"
"B-cells","B naive lambda",0,0,0,20,-0.131456343249865,20,1,0.499999975000001,"AUCell","HP_ABNORMAL",FALSE,"kmeans"
"B-cells","Plasma",0,0,0,1,-0.140509052579119,1,1,0.4999995000005,"AUCell","HP_ABNORMAL",FALSE,"kmeans"
"Classical-Monocytes","CD14 Mono",3,0,33127,187,-0.0201050494692335,33317,0.00570279436924093,0.500045273510929,"AUCell","HP_ABNORMAL",FALSE,"kmeans"
"Classical-Monocytes","CD16 Mono",0,0,486,6,-0.0889497852061774,492,0.0121951219512195,0.499999916666681,"AUCell","HP_ABNORMAL",FALSE,"kmeans"
"Classical-Monocytes","Doublet",0,0,140,0,0.123872002889899,140,0,0,"AUCell","HP_ABNORMAL",FALSE,"kmeans"
"Classical-Monocytes","Eryth",0,0,11,0,0.0218614095917719,11,0,0,"AUCell","HP_ABNORMAL",FALSE,"kmeans"
"Classical-Monocytes","HSPC",0,0,1,0,1.62599260572392,1,0,0,"AUCell","HP_ABNORMAL",FALSE,"kmeans"
"Classical-Monocytes","Platelet",51,0,11,0,12.2120588386285,62,0.82258064516129,0.41129031594693,"AUCell","HP_ABNORMAL",FALSE,"kmeans"
"Classical-Monocytes","cDC1",0,0,3,0,-0.140509052579119,3,0,0,"AUCell","HP_ABNORMAL",FALSE,"kmeans"
"Classical-Monocytes","cDC2_1",0,0,165,0,-0.067227333487928,165,0,0,"AUCell","HP_ABNORMAL",FALSE,"kmeans"
"Classical-Monocytes","cDC2_2",0,0,44,0,-0.127052322495093,44,0,0,"AUCell","HP_ABNORMAL",FALSE,"kmeans"
"Classical-Monocytes","pDC",0,0,5,0,-0.11212758549281,5,0,0,"AUCell","HP_ABNORMAL",FALSE,"kmeans"
"DCs","ASDC_mDC",0,0,0,1,-0.140509052579119,1,1,0.4999995000005,"AUCell","HP_ABNORMAL",FALSE,"kmeans"
"DCs","CD14 Mono",0,0,108,9,0.00733722821973574,117,0.0769230769230769,0.499999944444451,"AUCell","HP_ABNORMAL",FALSE,"kmeans"
"DCs","CD16 Mono",0,0,65,5,-0.082697542036317,70,0.0714285714285714,0.49999990000002,"AUCell","HP_ABNORMAL",FALSE,"kmeans"
"DCs","CD4 CTL",0,0,3,2,-0.140509052579119,5,0.4,0.499999750000125,"AUCell","HP_ABNORMAL",FALSE,"kmeans"
"DCs","CD4 Naive",0,0,19,21,-0.140509052579119,40,0.525,0.499999976190477,"AUCell","HP_ABNORMAL",FALSE,"kmeans"
"DCs","CD4 TCM_1",0,0,14,15,-0.140509052579119,29,0.517241379310345,0.499999966666669,"AUCell","HP_ABNORMAL",FALSE,"kmeans"
"DCs","CD4 TCM_2",0,0,3,2,-0.140509052579119,5,0.4,0.499999750000125,"AUCell","HP_ABNORMAL",FALSE,"kmeans"
"DCs","CD4 TCM_3",0,0,17,5,-0.140509052579119,22,0.227272727272727,0.49999990000002,"AUCell","HP_ABNORMAL",FALSE,"kmeans"
"DCs","CD4 TEM_1",0,0,1,2,-0.140509052579119,3,0.666666666666667,0.499999750000125,"AUCell","HP_ABNORMAL",FALSE,"kmeans"
"DCs","CD4 TEM_3",0,0,5,3,0.228327685633045,8,0.375,0.499999833333389,"AUCell","HP_ABNORMAL",FALSE,"kmeans"
"DCs","CD8 Naive",0,0,29,15,-0.0618817123360918,44,0.340909090909091,0.499999966666669,"AUCell","HP_ABNORMAL",FALSE,"kmeans"
"DCs","CD8 Naive_2",0,0,0,1,-0.140509052579119,1,1,0.4999995000005,"AUCell","HP_ABNORMAL",FALSE,"kmeans"
"DCs","CD8 Proliferating",0,0,1,0,-0.140509052579119,1,0,0,"AUCell","HP_ABNORMAL",FALSE,"kmeans"
"DCs","CD8 TCM_1",0,0,0,2,-0.140509052579119,2,1,0.499999750000125,"AUCell","HP_ABNORMAL",FALSE,"kmeans"
"DCs","CD8 TCM_2",0,0,2,2,-0.140509052579119,4,0.5,0.499999750000125,"AUCell","HP_ABNORMAL",FALSE,"kmeans"
"DCs","CD8 TCM_3",0,0,2,1,-0.140509052579119,3,0.333333333333333,0.4999995000005,"AUCell","HP_ABNORMAL",FALSE,"kmeans"
"DCs","CD8 TEM_1",0,0,7,2,-0.140509052579119,9,0.222222222222222,0.499999750000125,"AUCell","HP_ABNORMAL",FALSE,"kmeans"
"DCs","CD8 TEM_2",0,0,2,0,-0.140509052579119,2,0,0,"AUCell","HP_ABNORMAL",FALSE,"kmeans"
"DCs","CD8 TEM_4",0,0,2,5,0.53687128255964,7,0.714285714285714,0.49999990000002,"AUCell","HP_ABNORMAL",FALSE,"kmeans"
"DCs","CD8 TEM_5",0,0,1,0,-0.140509052579119,1,0,0,"AUCell","HP_ABNORMAL",FALSE,"kmeans"
"DCs","Doublet",1,0,15,1,1.93225914710154,17,0.117647058823529,0.531249498047375,"AUCell","HP_ABNORMAL",FALSE,"kmeans"
"DCs","HSPC",0,0,1,0,-0.140509052579119,1,0,0,"AUCell","HP_ABNORMAL",FALSE,"kmeans"
"DCs","MAIT",0,0,3,0,-0.140509052579119,3,0,0,"AUCell","HP_ABNORMAL",FALSE,"kmeans"
"DCs","NK Proliferating",0,0,1,0,-0.140509052579119,1,0,0,"AUCell","HP_ABNORMAL",FALSE,"kmeans"
"DCs","NK_1",0,0,0,1,-0.140509052579119,1,1,0.4999995000005,"AUCell","HP_ABNORMAL",FALSE,"kmeans"
"DCs","NK_2",0,0,1,0,-0.140509052579119,1,0,0,"AUCell","HP_ABNORMAL",FALSE,"kmeans"
"DCs","NK_CD56bright",0,0,0,1,-0.140509052579119,1,1,0.4999995000005,"AUCell","HP_ABNORMAL",FALSE,"kmeans"
"DCs","Platelet",14,2,6,0,10.4487141844507,22,0.636363636363636,0.349999982500001,"AUCell","HP_ABNORMAL",FALSE,"kmeans"
"DCs","Treg Memory",0,0,2,0,0.933582675945858,2,0,0,"AUCell","HP_ABNORMAL",FALSE,"kmeans"
"DCs","Treg Naive",0,0,3,1,-0.140509052579119,4,0.25,0.4999995000005,"AUCell","HP_ABNORMAL",FALSE,"kmeans"
"DCs","cDC2_1",0,0,16,0,0.0735752896667475,16,0,0,"AUCell","HP_ABNORMAL",FALSE,"kmeans"
"DCs","cDC2_2",0,0,38,13,-0.128899324663489,51,0.254901960784314,0.499999961538465,"AUCell","HP_ABNORMAL",FALSE,"kmeans"
"DCs","gdT_1",0,0,1,0,-0.140509052579119,1,0,0,"AUCell","HP_ABNORMAL",FALSE,"kmeans"
"DCs","gdT_2",0,0,0,2,-0.140509052579119,2,1,0.499999750000125,"AUCell","HP_ABNORMAL",FALSE,"kmeans"
"DCs","gdT_3",0,0,0,1,-0.140509052579119,1,1,0.4999995000005,"AUCell","HP_ABNORMAL",FALSE,"kmeans"
"DCs","gdT_4",0,0,1,0,-0.140509052579119,1,0,0,"AUCell","HP_ABNORMAL",FALSE,"kmeans"
"DCs","pDC",0,0,3,0,-0.140509052579119,3,0,0,"AUCell","HP_ABNORMAL",FALSE,"kmeans"
"Early-NK-cells","CD16 Mono",0,0,1,5,-0.140509052579119,6,0.833333333333333,0.49999990000002,"AUCell","HP_ABNORMAL",FALSE,"kmeans"
"Early-NK-cells","CD4 Naive",0,0,0,1,-0.140509052579119,1,1,0.4999995000005,"AUCell","HP_ABNORMAL",FALSE,"kmeans"
"Early-NK-cells","CD4 TCM_1",0,0,0,1,-0.140509052579119,1,1,0.4999995000005,"AUCell","HP_ABNORMAL",FALSE,"kmeans"
"Early-NK-cells","CD8 TEM_1",0,0,1,0,-0.140509052579119,1,0,0,"AUCell","HP_ABNORMAL",FALSE,"kmeans"
"Early-NK-cells","CD8 TEM_2",0,0,0,2,-0.140509052579119,2,1,0.499999750000125,"AUCell","HP_ABNORMAL",FALSE,"kmeans"
"Early-NK-cells","CD8 TEM_4",0,0,0,5,0.469203154137109,5,1,0.49999990000002,"AUCell","HP_ABNORMAL",FALSE,"kmeans"
"Early-NK-cells","CD8 TEM_5",0,0,1,16,-0.140509052579119,17,0.941176470588235,0.499999968750002,"AUCell","HP_ABNORMAL",FALSE,"kmeans"
"Early-NK-cells","NK Proliferating",0,0,0,30,-0.0209480446810466,30,1,0.499999983333334,"AUCell","HP_ABNORMAL",FALSE,"kmeans"
"Early-NK-cells","NK_1",0,0,12,720,-0.0472478298258925,732,0.983606557377049,0.499999999305556,"AUCell","HP_ABNORMAL",FALSE,"kmeans"
"Early-NK-cells","NK_2",0,0,4,284,-0.106459447669539,288,0.986111111111111,0.499999998239437,"AUCell","HP_ABNORMAL",FALSE,"kmeans"
"Early-NK-cells","NK_3",0,0,1,39,-0.00985643685421314,40,0.975,0.499999987179488,"AUCell","HP_ABNORMAL",FALSE,"kmeans"
"Early-NK-cells","NK_4",0,0,0,19,-0.0892575829768005,19,1,0.499999973684212,"AUCell","HP_ABNORMAL",FALSE,"kmeans"
"Early-NK-cells","NK_CD56bright",0,0,0,1,-0.140509052579119,1,1,0.4999995000005,"AUCell","HP_ABNORMAL",FALSE,"kmeans"
"Early-NK-cells","cDC2_2",0,0,0,1,-0.140509052579119,1,1,0.4999995000005,"AUCell","HP_ABNORMAL",FALSE,"kmeans"
"Early-NK-cells","gdT_2",0,0,0,1,-0.140509052579119,1,1,0.4999995000005,"AUCell","HP_ABNORMAL",FALSE,"kmeans"
"Early-NK-cells","pDC",0,0,0,1,-0.140509052579119,1,1,0.4999995000005,"AUCell","HP_ABNORMAL",FALSE,"kmeans"
"Intermediate-Monocytes","CD14 Mono",0,0,613,16,0.0197580938067849,629,0.0254372019077901,0.499999968750002,"AUCell","HP_ABNORMAL",FALSE,"kmeans"
"Intermediate-Monocytes","CD16 Mono",0,0,2107,33,-0.0557190766664999,2140,0.0154205607476636,0.499999984848485,"AUCell","HP_ABNORMAL",FALSE,"kmeans"
"Intermediate-Monocytes","Doublet",5,0,125,0,1.62764881865734,130,0.0384615384615385,0.0192307690828402,"AUCell","HP_ABNORMAL",FALSE,"kmeans"
"Intermediate-Monocytes","Platelet",2,0,2,0,8.12926325360408,4,0.5,0.249999937500016,"AUCell","HP_ABNORMAL",FALSE,"kmeans"
"Late-NK-cells","ASDC_mDC",0,0,0,17,-0.140509052579119,17,1,0.499999970588237,"AUCell","HP_ABNORMAL",FALSE,"kmeans"
"Late-NK-cells","ASDC_pDC",0,0,3,7,-0.140509052579119,10,0.7,0.499999928571439,"AUCell","HP_ABNORMAL",FALSE,"kmeans"
"Late-NK-cells","B intermediate kappa",0,0,0,4,-0.140509052579119,4,1,0.499999875000031,"AUCell","HP_ABNORMAL",FALSE,"kmeans"
"Late-NK-cells","B intermediate lambda",0,0,0,2,-0.140509052579119,2,1,0.499999750000125,"AUCell","HP_ABNORMAL",FALSE,"kmeans"
"Late-NK-cells","B memory kappa",0,0,0,3,-0.140509052579119,3,1,0.499999833333389,"AUCell","HP_ABNORMAL",FALSE,"kmeans"
"Late-NK-cells","B memory lambda",0,0,0,1,-0.140509052579119,1,1,0.4999995000005,"AUCell","HP_ABNORMAL",FALSE,"kmeans"
"Late-NK-cells","B naive kappa",0,0,0,1,-0.140509052579119,1,1,0.4999995000005,"AUCell","HP_ABNORMAL",FALSE,"kmeans"
"Late-NK-cells","CD14 Mono",0,0,2,4,-0.140509052579119,6,0.666666666666667,0.499999875000031,"AUCell","HP_ABNORMAL",FALSE,"kmeans"
"Late-NK-cells","CD16 Mono",0,0,635,745,-0.0315786841519056,1380,0.539855072463768,0.499999999328859,"AUCell","HP_ABNORMAL",FALSE,"kmeans"
"Late-NK-cells","CD4 CTL",0,0,0,2,-0.140509052579119,2,1,0.499999750000125,"AUCell","HP_ABNORMAL",FALSE,"kmeans"
"Late-NK-cells","CD4 Naive",0,0,0,84,-0.00687381962346801,84,1,0.499999994047619,"AUCell","HP_ABNORMAL",FALSE,"kmeans"
"Late-NK-cells","CD4 Proliferating",0,0,0,1,-0.140509052579119,1,1,0.4999995000005,"AUCell","HP_ABNORMAL",FALSE,"kmeans"
"Late-NK-cells","CD4 TCM_1",0,0,0,5,-0.140509052579119,5,1,0.49999990000002,"AUCell","HP_ABNORMAL",FALSE,"kmeans"
"Late-NK-cells","CD4 TEM_2",0,0,0,1,-0.140509052579119,1,1,0.4999995000005,"AUCell","HP_ABNORMAL",FALSE,"kmeans"
"Late-NK-cells","CD8 Naive",0,0,1,258,-0.0829601584605613,259,0.996138996138996,0.499999998062016,"AUCell","HP_ABNORMAL",FALSE,"kmeans"
"Late-NK-cells","CD8 Naive_2",0,0,1,2,-0.140509052579119,3,0.666666666666667,0.499999750000125,"AUCell","HP_ABNORMAL",FALSE,"kmeans"
"Late-NK-cells","CD8 Proliferating",0,0,0,2,-0.140509052579119,2,1,0.499999750000125,"AUCell","HP_ABNORMAL",FALSE,"kmeans"
"Late-NK-cells","CD8 TCM_1",0,0,0,5,-0.140509052579119,5,1,0.49999990000002,"AUCell","HP_ABNORMAL",FALSE,"kmeans"
"Late-NK-cells","CD8 TCM_2",0,0,0,9,-0.140509052579119,9,1,0.499999944444451,"AUCell","HP_ABNORMAL",FALSE,"kmeans"
"Late-NK-cells","CD8 TEM_1",0,0,0,37,-0.140509052579119,37,1,0.499999986486487,"AUCell","HP_ABNORMAL",FALSE,"kmeans"
"Late-NK-cells","CD8 TEM_2",0,0,0,74,-0.066778074477454,74,1,0.499999993243243,"AUCell","HP_ABNORMAL",FALSE,"kmeans"
"Late-NK-cells","CD8 TEM_3",0,0,0,9,-0.140509052579119,9,1,0.499999944444451,"AUCell","HP_ABNORMAL",FALSE,"kmeans"
"Late-NK-cells","CD8 TEM_4",0,0,1,39,0.103914099310733,40,0.975,0.499999987179488,"AUCell","HP_ABNORMAL",FALSE,"kmeans"
"Late-NK-cells","CD8 TEM_5",0,0,2,50,-0.10305605556204,52,0.961538461538462,0.49999999,"AUCell","HP_ABNORMAL",FALSE,"kmeans"
"Late-NK-cells","CD8 TEM_6",0,0,0,81,0.00393557876052586,81,1,0.499999993827161,"AUCell","HP_ABNORMAL",FALSE,"kmeans"
"Late-NK-cells","Doublet",0,0,17,0,1.30821228459526,17,0,0,"AUCell","HP_ABNORMAL",FALSE,"kmeans"
"Late-NK-cells","HSPC",0,0,1,30,-0.140509052579119,31,0.967741935483871,0.499999983333334,"AUCell","HP_ABNORMAL",FALSE,"kmeans"
"Late-NK-cells","ILC",0,0,1,89,-0.0760254894289991,90,0.988888888888889,0.499999994382023,"AUCell","HP_ABNORMAL",FALSE,"kmeans"
"Late-NK-cells","MAIT",0,0,1,11,-0.140509052579119,12,0.916666666666667,0.499999954545459,"AUCell","HP_ABNORMAL",FALSE,"kmeans"
"Late-NK-cells","NK Proliferating",0,0,7,393,-0.0901441818919059,400,0.9825,0.499999998727735,"AUCell","HP_ABNORMAL",FALSE,"kmeans"
"Late-NK-cells","NK_1",0,0,24,2687,-0.070429907612511,2711,0.991147178163039,0.499999999813919,"AUCell","HP_ABNORMAL",FALSE,"kmeans"
"Late-NK-cells","NK_2",0,0,87,8588,-0.0738652049820573,8675,0.989971181556196,0.499999999941779,"AUCell","HP_ABNORMAL",FALSE,"kmeans"
"Late-NK-cells","NK_3",0,0,8,1896,-0.0756643702357163,1904,0.995798319327731,0.499999999736287,"AUCell","HP_ABNORMAL",FALSE,"kmeans"
"Late-NK-cells","NK_4",0,0,11,1270,-0.0905135424408094,1281,0.991412958626073,0.499999999606299,"AUCell","HP_ABNORMAL",FALSE,"kmeans"
"Late-NK-cells","NK_CD56bright",0,0,8,646,-0.0492561862434062,654,0.987767584097859,0.499999999226006,"AUCell","HP_ABNORMAL",FALSE,"kmeans"
"Late-NK-cells","Platelet",3,0,5,2,4.72984856655942,10,0.5,0.687499726562628,"AUCell","HP_ABNORMAL",FALSE,"kmeans"
"Late-NK-cells","Treg Memory",0,0,0,4,-0.140509052579119,4,1,0.499999875000031,"AUCell","HP_ABNORMAL",FALSE,"kmeans"
"Late-NK-cells","Treg Naive",0,0,0,11,-0.140509052579119,11,1,0.499999954545459,"AUCell","HP_ABNORMAL",FALSE,"kmeans"
"Late-NK-cells","cDC1",0,0,7,2,-0.140509052579119,9,0.222222222222222,0.499999750000125,"AUCell","HP_ABNORMAL",FALSE,"kmeans"
"Late-NK-cells","cDC2_1",0,0,3,1,-0.140509052579119,4,0.25,0.4999995000005,"AUCell","HP_ABNORMAL",FALSE,"kmeans"
"Late-NK-cells","cDC2_2",0,0,51,113,-0.105897507351913,164,0.689024390243902,0.499999995575221,"AUCell","HP_ABNORMAL",FALSE,"kmeans"
"Late-NK-cells","dnT_1",0,0,0,5,-0.140509052579119,5,1,0.49999990000002,"AUCell","HP_ABNORMAL",FALSE,"kmeans"
"Late-NK-cells","dnT_2",0,0,0,5,-0.140509052579119,5,1,0.49999990000002,"AUCell","HP_ABNORMAL",FALSE,"kmeans"
"Late-NK-cells","gdT_1",0,0,0,1,-0.140509052579119,1,1,0.4999995000005,"AUCell","HP_ABNORMAL",FALSE,"kmeans"
"Late-NK-cells","gdT_2",0,0,0,9,-0.140509052579119,9,1,0.499999944444451,"AUCell","HP_ABNORMAL",FALSE,"kmeans"
"Late-NK-cells","gdT_3",0,0,0,82,-0.0527866879515446,82,1,0.499999993902439,"AUCell","HP_ABNORMAL",FALSE,"kmeans"
"Late-NK-cells","gdT_4",0,0,0,11,0.123732192707208,11,1,0.499999954545459,"AUCell","HP_ABNORMAL",FALSE,"kmeans"
"Late-NK-cells","pDC",0,0,350,191,-0.113889555595561,541,0.353049907578558,0.499999997382199,"AUCell","HP_ABNORMAL",FALSE,"kmeans"
"Monocytes","ASDC_mDC",0,0,3,1,-0.140509052579119,4,0.25,0.4999995000005,"AUCell","HP_ABNORMAL",FALSE,"kmeans"
"Monocytes","CD14 Mono",0,0,306,1,0.0407204659940221,307,0.00325732899022801,0.4999995000005,"AUCell","HP_ABNORMAL",FALSE,"kmeans"
"Monocytes","CD16 Mono",0,0,71,6,-0.104094854996371,77,0.0779220779220779,0.499999916666681,"AUCell","HP_ABNORMAL",FALSE,"kmeans"
"Monocytes","CD4 TEM_1",0,0,1,0,-0.140509052579119,1,0,0,"AUCell","HP_ABNORMAL",FALSE,"kmeans"
"Monocytes","Doublet",0,0,3,0,4.31896974132717,3,0,0,"AUCell","HP_ABNORMAL",FALSE,"kmeans"
"Monocytes","HSPC",0,0,28,0,-0.0440400265222063,28,0,0,"AUCell","HP_ABNORMAL",FALSE,"kmeans"
"Monocytes","NK Proliferating",0,0,2,0,-0.140509052579119,2,0,0,"AUCell","HP_ABNORMAL",FALSE,"kmeans"
"Monocytes","NK_1",0,0,1,0,-0.140509052579119,1,0,0,"AUCell","HP_ABNORMAL",FALSE,"kmeans"
"Monocytes","NK_2",0,0,3,0,-0.140509052579119,3,0,0,"AUCell","HP_ABNORMAL",FALSE,"kmeans"
"Monocytes","NK_4",0,0,2,0,-0.140509052579119,2,0,0,"AUCell","HP_ABNORMAL",FALSE,"kmeans"
"Monocytes","NK_CD56bright",0,0,4,0,-0.140509052579119,4,0,0,"AUCell","HP_ABNORMAL",FALSE,"kmeans"
"Monocytes","Platelet",13,0,1,0,14.1722088749735,14,0.928571428571429,0.464285681122451,"AUCell","HP_ABNORMAL",FALSE,"kmeans"
"Monocytes","cDC1",0,0,15,0,-0.140509052579119,15,0,0,"AUCell","HP_ABNORMAL",FALSE,"kmeans"
"Monocytes","cDC2_1",0,0,333,0,-0.103625195073353,333,0,0,"AUCell","HP_ABNORMAL",FALSE,"kmeans"
"Monocytes","cDC2_2",0,0,1189,1,-0.121675798557778,1190,0.000840336134453782,0.4999995000005,"AUCell","HP_ABNORMAL",FALSE,"kmeans"
"Monocytes","pDC",0,0,2,0,-0.140509052579119,2,0,0,"AUCell","HP_ABNORMAL",FALSE,"kmeans"
"NK-cells","NK_1",0,0,0,1,-0.140509052579119,1,1,0.4999995000005,"AUCell","HP_ABNORMAL",FALSE,"kmeans"
"Naive-B-cells","B intermediate kappa",0,0,0,371,-0.0638640552566252,371,1,0.499999998652291,"AUCell","HP_ABNORMAL",FALSE,"kmeans"
"Naive-B-cells","B intermediate lambda",0,0,0,534,-0.0841713089246478,534,1,0.49999999906367,"AUCell","HP_ABNORMAL",FALSE,"kmeans"
"Naive-B-cells","B memory kappa",0,0,0,398,-0.0420148865643805,398,1,0.499999998743719,"AUCell","HP_ABNORMAL",FALSE,"kmeans"
"Naive-B-cells","B memory lambda",0,0,0,254,-0.0625235931945282,254,1,0.499999998031496,"AUCell","HP_ABNORMAL",FALSE,"kmeans"
"Naive-B-cells","B naive kappa",0,0,0,4247,-0.0580593963012923,4247,1,0.49999999988227,"AUCell","HP_ABNORMAL",FALSE,"kmeans"
"Naive-B-cells","B naive lambda",0,0,0,2733,-0.075020796642808,2733,1,0.499999999817051,"AUCell","HP_ABNORMAL",FALSE,"kmeans"
"Naive-B-cells","CD14 Mono",0,0,0,3,-0.140509052579119,3,1,0.499999833333389,"AUCell","HP_ABNORMAL",FALSE,"kmeans"
"Naive-B-cells","CD16 Mono",0,0,0,1,-0.140509052579119,1,1,0.4999995000005,"AUCell","HP_ABNORMAL",FALSE,"kmeans"
"Naive-B-cells","Doublet",0,0,0,1,7.01357799572847,1,1,0.4999995000005,"AUCell","HP_ABNORMAL",FALSE,"kmeans"
"Naive-B-cells","NK Proliferating",0,0,0,1,-0.140509052579119,1,1,0.4999995000005,"AUCell","HP_ABNORMAL",FALSE,"kmeans"
"Naive-B-cells","NK_1",0,0,0,18,-0.100546642026557,18,1,0.499999972222224,"AUCell","HP_ABNORMAL",FALSE,"kmeans"
"Naive-B-cells","NK_2",0,0,0,3,-0.140509052579119,3,1,0.499999833333389,"AUCell","HP_ABNORMAL",FALSE,"kmeans"
"Naive-B-cells","NK_3",0,0,0,1,-0.140509052579119,1,1,0.4999995000005,"AUCell","HP_ABNORMAL",FALSE,"kmeans"
"Naive-B-cells","NK_4",0,0,0,3,-0.140509052579119,3,1,0.499999833333389,"AUCell","HP_ABNORMAL",FALSE,"kmeans"
"Naive-B-cells","NK_CD56bright",0,0,0,1,-0.140509052579119,1,1,0.4999995000005,"AUCell","HP_ABNORMAL",FALSE,"kmeans"
"Naive-B-cells","Platelet",0,1,0,3,3.57721846790768,4,0.75,0.374999906250023,"AUCell","HP_ABNORMAL",FALSE,"kmeans"
"Naive-B-cells","cDC2_2",0,0,0,1,-0.140509052579119,1,1,0.4999995000005,"AUCell","HP_ABNORMAL",FALSE,"kmeans"
"Naive-B-cells","gdT_4",0,0,0,1,2.39914291600613,1,1,0.4999995000005,"AUCell","HP_ABNORMAL",FALSE,"kmeans"
"Neutrophils","CD14 Mono",0,0,204,83,0.0234439616597064,287,0.289198606271777,0.499999993975904,"AUCell","HP_ABNORMAL",FALSE,"kmeans"
"Neutrophils","Doublet",0,0,4,0,0.0955953934406081,4,0,0,"AUCell","HP_ABNORMAL",FALSE,"kmeans"
"Neutrophils","NK_1",0,0,0,1,-0.140509052579119,1,1,0.4999995000005,"AUCell","HP_ABNORMAL",FALSE,"kmeans"
"Neutrophils","NK_2",0,0,0,3,-0.140509052579119,3,1,0.499999833333389,"AUCell","HP_ABNORMAL",FALSE,"kmeans"
"Neutrophils","NK_3",0,0,0,1,-0.140509052579119,1,1,0.4999995000005,"AUCell","HP_ABNORMAL",FALSE,"kmeans"
"Neutrophils","Platelet",1,0,0,0,15.8362995744553,1,1,0.4999995000005,"AUCell","HP_ABNORMAL",FALSE,"kmeans"
"Non-classical-Monocytes","CD14 Mono",0,0,6,3,-0.140509052579119,9,0.333333333333333,0.499999833333389,"AUCell","HP_ABNORMAL",FALSE,"kmeans"
"Non-classical-Monocytes","CD16 Mono",0,0,1212,173,-0.0581063441446627,1385,0.124909747292419,0.499999997109827,"AUCell","HP_ABNORMAL",FALSE,"kmeans"
"Non-classical-Monocytes","Doublet",1,0,51,0,1.06974972791499,52,0.0192307692307692,0.00961538443047338,"AUCell","HP_ABNORMAL",FALSE,"kmeans"
"Non-classical-Monocytes","NK Proliferating",0,0,0,1,-0.140509052579119,1,1,0.4999995000005,"AUCell","HP_ABNORMAL",FALSE,"kmeans"
"Non-classical-Monocytes","NK_1",0,0,0,2,-0.140509052579119,2,1,0.499999750000125,"AUCell","HP_ABNORMAL",FALSE,"kmeans"
"Non-classical-Monocytes","NK_2",0,0,1,20,-0.140509052579119,21,0.952380952380952,0.499999975000001,"AUCell","HP_ABNORMAL",FALSE,"kmeans"
"Non-classical-Monocytes","NK_4",0,0,0,2,-0.140509052579119,2,1,0.499999750000125,"AUCell","HP_ABNORMAL",FALSE,"kmeans"
"Non-classical-Monocytes","Platelet",1,0,0,0,16.1201142453184,1,1,0.4999995000005,"AUCell","HP_ABNORMAL",FALSE,"kmeans"
"Non-classical-Monocytes","cDC2_1",0,0,2,1,-0.140509052579119,3,0.333333333333333,0.4999995000005,"AUCell","HP_ABNORMAL",FALSE,"kmeans"
"Non-classical-Monocytes","cDC2_2",0,0,5,2,-0.140509052579119,7,0.285714285714286,0.499999750000125,"AUCell","HP_ABNORMAL",FALSE,"kmeans"
"Non-classical-Monocytes","pDC",0,0,2,0,-0.140509052579119,2,0,0,"AUCell","HP_ABNORMAL",FALSE,"kmeans"
"T-cells-CD4","ASDC_mDC",0,0,0,1,-0.140509052579119,1,1,0.4999995000005,"AUCell","HP_ABNORMAL",FALSE,"kmeans"
"T-cells-CD4","CD14 Mono",0,0,2,5,0.538968435300007,7,0.714285714285714,0.49999990000002,"AUCell","HP_ABNORMAL",FALSE,"kmeans"
"T-cells-CD4","CD16 Mono",0,0,0,5,-0.140509052579119,5,1,0.49999990000002,"AUCell","HP_ABNORMAL",FALSE,"kmeans"
"T-cells-CD4","CD4 CTL",0,0,43,1459,-0.0547254525688333,1502,0.971371504660453,0.499999999657299,"AUCell","HP_ABNORMAL",FALSE,"kmeans"
"T-cells-CD4","CD4 Naive",0,0,20,17039,-0.0559735169208899,17059,0.99882759833519,0.499999999970656,"AUCell","HP_ABNORMAL",FALSE,"kmeans"
"T-cells-CD4","CD4 Proliferating",0,0,3,9,-0.140509052579119,12,0.75,0.499999944444451,"AUCell","HP_ABNORMAL",FALSE,"kmeans"
"T-cells-CD4","CD4 TCM_1",0,0,8,7235,-0.0610675092512489,7243,0.998895485296148,0.499999999930892,"AUCell","HP_ABNORMAL",FALSE,"kmeans"
"T-cells-CD4","CD4 TCM_2",0,0,10,311,-0.0711331493082023,321,0.968847352024922,0.499999998392283,"AUCell","HP_ABNORMAL",FALSE,"kmeans"
"T-cells-CD4","CD4 TCM_3",0,0,17,5803,-0.080661285999235,5820,0.997079037800687,0.499999999913838,"AUCell","HP_ABNORMAL",FALSE,"kmeans"
"T-cells-CD4","CD4 TEM_1",0,0,4,1479,-0.0743646006047716,1483,0.997302764666217,0.499999999661934,"AUCell","HP_ABNORMAL",FALSE,"kmeans"
"T-cells-CD4","CD4 TEM_2",0,0,1,393,-0.0481811047760287,394,0.99746192893401,0.499999998727735,"AUCell","HP_ABNORMAL",FALSE,"kmeans"
"T-cells-CD4","CD4 TEM_3",0,1,7,1881,-0.0624562619420752,1889,0.995764955002647,0.499734324920439,"AUCell","HP_ABNORMAL",FALSE,"kmeans"
"T-cells-CD4","CD4 TEM_4",0,0,1,76,-0.106064907570656,77,0.987012987012987,0.499999993421053,"AUCell","HP_ABNORMAL",FALSE,"kmeans"
"T-cells-CD4","CD8 Naive",0,0,0,1,-0.140509052579119,1,1,0.4999995000005,"AUCell","HP_ABNORMAL",FALSE,"kmeans"
"T-cells-CD4","CD8 Proliferating",0,0,0,6,-0.140509052579119,6,1,0.499999916666681,"AUCell","HP_ABNORMAL",FALSE,"kmeans"
"T-cells-CD4","CD8 TCM_2",0,0,0,1,-0.140509052579119,1,1,0.4999995000005,"AUCell","HP_ABNORMAL",FALSE,"kmeans"
"T-cells-CD4","CD8 TCM_3",0,0,0,8,0.256464484899645,8,1,0.499999937500008,"AUCell","HP_ABNORMAL",FALSE,"kmeans"
"T-cells-CD4","CD8 TEM_4",0,0,0,4,-0.140509052579119,4,1,0.499999875000031,"AUCell","HP_ABNORMAL",FALSE,"kmeans"
"T-cells-CD4","Doublet",0,0,0,21,-0.140509052579119,21,1,0.499999976190477,"AUCell","HP_ABNORMAL",FALSE,"kmeans"
"T-cells-CD4","Eryth",0,0,0,3,-0.140509052579119,3,1,0.499999833333389,"AUCell","HP_ABNORMAL",FALSE,"kmeans"
"T-cells-CD4","HSPC",0,0,0,5,0.583707693761184,5,1,0.49999990000002,"AUCell","HP_ABNORMAL",FALSE,"kmeans"
"T-cells-CD4","MAIT",0,0,0,690,-0.0212742684406594,690,1,0.499999999275362,"AUCell","HP_ABNORMAL",FALSE,"kmeans"
"T-cells-CD4","NK Proliferating",0,0,0,2,-0.140509052579119,2,1,0.499999750000125,"AUCell","HP_ABNORMAL",FALSE,"kmeans"
"T-cells-CD4","NK_1",0,0,0,4,-0.140509052579119,4,1,0.499999875000031,"AUCell","HP_ABNORMAL",FALSE,"kmeans"
"T-cells-CD4","NK_2",0,0,0,4,-0.140509052579119,4,1,0.499999875000031,"AUCell","HP_ABNORMAL",FALSE,"kmeans"
"T-cells-CD4","NK_3",0,0,0,1,-0.140509052579119,1,1,0.4999995000005,"AUCell","HP_ABNORMAL",FALSE,"kmeans"
"T-cells-CD4","NK_CD56bright",0,0,0,2,-0.140509052579119,2,1,0.499999750000125,"AUCell","HP_ABNORMAL",FALSE,"kmeans"
"T-cells-CD4","Platelet",3,0,2,14,2.10348117176763,19,0.894736842105263,0.799999904285729,"AUCell","HP_ABNORMAL",FALSE,"kmeans"
"T-cells-CD4","Treg Memory",0,0,2,1106,-0.0191820788776556,1108,0.998194945848375,0.49999999954792,"AUCell","HP_ABNORMAL",FALSE,"kmeans"
"T-cells-CD4","Treg Naive",0,0,1,1255,-0.0349863153683949,1256,0.999203821656051,0.499999999601594,"AUCell","HP_ABNORMAL",FALSE,"kmeans"
"T-cells-CD4","cDC1",0,0,1,1,-0.140509052579119,2,0.5,0.4999995000005,"AUCell","HP_ABNORMAL",FALSE,"kmeans"
"T-cells-CD4","cDC2_1",0,0,2,2,0.811248766091077,4,0.5,0.499999750000125,"AUCell","HP_ABNORMAL",FALSE,"kmeans"
"T-cells-CD4","cDC2_2",0,0,1,8,-0.140509052579119,9,0.888888888888889,0.499999937500008,"AUCell","HP_ABNORMAL",FALSE,"kmeans"
"T-cells-CD4","dnT_1",0,0,0,10,-0.0602580077143829,10,1,0.499999950000005,"AUCell","HP_ABNORMAL",FALSE,"kmeans"
"T-cells-CD4","dnT_2",0,0,0,14,-0.0796916231084567,14,1,0.499999964285717,"AUCell","HP_ABNORMAL",FALSE,"kmeans"
"T-cells-CD4","gdT_1",0,0,0,7,-0.140509052579119,7,1,0.499999928571439,"AUCell","HP_ABNORMAL",FALSE,"kmeans"
"T-cells-CD4","gdT_2",0,0,0,3,-0.140509052579119,3,1,0.499999833333389,"AUCell","HP_ABNORMAL",FALSE,"kmeans"
"T-cells-CD4","gdT_3",0,0,0,5,-0.140509052579119,5,1,0.49999990000002,"AUCell","HP_ABNORMAL",FALSE,"kmeans"
"T-cells-CD4","gdT_4",0,0,0,1,-0.140509052579119,1,1,0.4999995000005,"AUCell","HP_ABNORMAL",FALSE,"kmeans"
"T-cells-CD4","pDC",0,0,4,0,0.800238714204147,4,0,0,"AUCell","HP_ABNORMAL",FALSE,"kmeans"
"T-cells-CD8","CD14 Mono",0,0,0,3,-0.140509052579119,3,1,0.499999833333389,"AUCell","HP_ABNORMAL",FALSE,"kmeans"
"T-cells-CD8","CD4 Naive",0,0,0,2,-0.140509052579119,2,1,0.499999750000125,"AUCell","HP_ABNORMAL",FALSE,"kmeans"
"T-cells-CD8","CD4 TCM_1",0,0,0,3,-0.140509052579119,3,1,0.499999833333389,"AUCell","HP_ABNORMAL",FALSE,"kmeans"
"T-cells-CD8","CD4 TCM_3",0,0,0,3,-0.140509052579119,3,1,0.499999833333389,"AUCell","HP_ABNORMAL",FALSE,"kmeans"
"T-cells-CD8","CD4 TEM_3",0,0,0,1,-0.140509052579119,1,1,0.4999995000005,"AUCell","HP_ABNORMAL",FALSE,"kmeans"
"T-cells-CD8","CD8 Naive",0,0,22,9858,-0.0588791510138335,9880,0.997773279352227,0.49999999994928,"AUCell","HP_ABNORMAL",FALSE,"kmeans"
"T-cells-CD8","CD8 Naive_2",0,0,7,152,-0.104870645632745,159,0.955974842767296,0.499999996710526,"AUCell","HP_ABNORMAL",FALSE,"kmeans"
"T-cells-CD8","CD8 Proliferating",0,0,2,32,-0.140509052579119,34,0.941176470588235,0.499999984375001,"AUCell","HP_ABNORMAL",FALSE,"kmeans"
"T-cells-CD8","CD8 TCM_1",0,0,6,683,-0.0543249018628483,689,0.991291727140784,0.499999999267936,"AUCell","HP_ABNORMAL",FALSE,"kmeans"
"T-cells-CD8","CD8 TCM_2",0,0,9,1001,-0.0676174219349537,1010,0.991089108910891,0.4999999995005,"AUCell","HP_ABNORMAL",FALSE,"kmeans"
"T-cells-CD8","CD8 TCM_3",0,0,2,459,-0.0810669792440413,461,0.995661605206074,0.499999998910675,"AUCell","HP_ABNORMAL",FALSE,"kmeans"
"T-cells-CD8","CD8 TEM_1",0,0,15,2298,-0.0355843211799369,2313,0.993514915693904,0.49999999978242,"AUCell","HP_ABNORMAL",FALSE,"kmeans"
"T-cells-CD8","CD8 TEM_2",0,0,22,2085,-0.0669740058257841,2107,0.989558614143332,0.499999999760192,"AUCell","HP_ABNORMAL",FALSE,"kmeans"
"T-cells-CD8","CD8 TEM_3",0,0,4,265,-0.055484711365551,269,0.985130111524164,0.499999998113208,"AUCell","HP_ABNORMAL",FALSE,"kmeans"
"T-cells-CD8","CD8 TEM_4",0,0,40,3034,-0.0616916306059277,3074,0.986987638256344,0.499999999835201,"AUCell","HP_ABNORMAL",FALSE,"kmeans"
"T-cells-CD8","CD8 TEM_5",0,0,14,1731,-0.046447245398399,1745,0.991977077363897,0.49999999971115,"AUCell","HP_ABNORMAL",FALSE,"kmeans"
"T-cells-CD8","CD8 TEM_6",0,0,2,298,-0.0510911200692647,300,0.993333333333333,0.499999998322148,"AUCell","HP_ABNORMAL",FALSE,"kmeans"
"T-cells-CD8","Eryth",0,0,0,8,-0.140509052579119,8,1,0.499999937500008,"AUCell","HP_ABNORMAL",FALSE,"kmeans"
"T-cells-CD8","MAIT",0,0,11,1314,-0.0766590611080458,1325,0.991698113207547,0.499999999619482,"AUCell","HP_ABNORMAL",FALSE,"kmeans"
"T-cells-CD8","NK Proliferating",0,0,0,8,-0.140509052579119,8,1,0.499999937500008,"AUCell","HP_ABNORMAL",FALSE,"kmeans"
"T-cells-CD8","NK_1",0,0,0,2,-0.140509052579119,2,1,0.499999750000125,"AUCell","HP_ABNORMAL",FALSE,"kmeans"
"T-cells-CD8","NK_2",0,0,0,11,-0.140509052579119,11,1,0.499999954545459,"AUCell","HP_ABNORMAL",FALSE,"kmeans"
"T-cells-CD8","NK_4",0,0,0,2,1.15867707007866,2,1,0.499999750000125,"AUCell","HP_ABNORMAL",FALSE,"kmeans"
"T-cells-CD8","NK_CD56bright",0,0,0,4,0.551900877198941,4,1,0.499999875000031,"AUCell","HP_ABNORMAL",FALSE,"kmeans"
"T-cells-CD8","Platelet",0,0,0,17,-0.140509052579119,17,1,0.499999970588237,"AUCell","HP_ABNORMAL",FALSE,"kmeans"
"T-cells-CD8","Treg Memory",0,0,1,1,-0.140509052579119,2,0.5,0.4999995000005,"AUCell","HP_ABNORMAL",FALSE,"kmeans"
"T-cells-CD8","Treg Naive",0,0,0,1,3.61269530176556,1,1,0.4999995000005,"AUCell","HP_ABNORMAL",FALSE,"kmeans"
"T-cells-CD8","dnT_1",0,0,0,9,-0.140509052579119,9,1,0.499999944444451,"AUCell","HP_ABNORMAL",FALSE,"kmeans"
"T-cells-CD8","gdT_1",0,0,1,37,0.0540662503583272,38,0.973684210526316,0.499999986486487,"AUCell","HP_ABNORMAL",FALSE,"kmeans"
"T-cells-CD8","gdT_2",0,0,0,114,-0.0881415543254937,114,1,0.499999995614035,"AUCell","HP_ABNORMAL",FALSE,"kmeans"
"T-cells-CD8","gdT_3",0,0,0,8,0.0570602118363521,8,1,0.499999937500008,"AUCell","HP_ABNORMAL",FALSE,"kmeans"
"T-cells-CD8","gdT_4",0,0,0,49,-0.11224742279226,49,1,0.499999989795919,"AUCell","HP_ABNORMAL",FALSE,"kmeans"
"Total-memory-B-cells","B intermediate kappa",0,0,13,618,-0.0771358220667091,631,0.979397781299525,0.499999999190939,"AUCell","HP_ABNORMAL",FALSE,"kmeans"
"Total-memory-B-cells","B intermediate lambda",0,0,22,532,-0.103570394744268,554,0.96028880866426,0.49999999906015,"AUCell","HP_ABNORMAL",FALSE,"kmeans"
"Total-memory-B-cells","B memory kappa",0,0,37,1458,-0.0750329981915597,1495,0.975250836120401,0.499999999657064,"AUCell","HP_ABNORMAL",FALSE,"kmeans"
"Total-memory-B-cells","B memory lambda",0,0,29,900,-0.0896529105060122,929,0.968783638320775,0.499999999444444,"AUCell","HP_ABNORMAL",FALSE,"kmeans"
"Total-memory-B-cells","B naive kappa",0,0,3,155,-0.121400186153702,158,0.981012658227848,0.499999996774194,"AUCell","HP_ABNORMAL",FALSE,"kmeans"
"Total-memory-B-cells","B naive lambda",0,0,2,34,-0.0116506675320833,36,0.944444444444444,0.499999985294118,"AUCell","HP_ABNORMAL",FALSE,"kmeans"
"Total-memory-B-cells","CD4 Naive",0,0,0,1,-0.140509052579119,1,1,0.4999995000005,"AUCell","HP_ABNORMAL",FALSE,"kmeans"
"Total-memory-B-cells","CD4 TCM_3",0,0,0,2,-0.140509052579119,2,1,0.499999750000125,"AUCell","HP_ABNORMAL",FALSE,"kmeans"
"Total-memory-B-cells","CD8 Naive",0,0,0,1,-0.140509052579119,1,1,0.4999995000005,"AUCell","HP_ABNORMAL",FALSE,"kmeans"
"Total-memory-B-cells","CD8 TEM_2",0,0,0,1,-0.140509052579119,1,1,0.4999995000005,"AUCell","HP_ABNORMAL",FALSE,"kmeans"
"Total-memory-B-cells","CD8 TEM_6",0,0,0,1,-0.140509052579119,1,1,0.4999995000005,"AUCell","HP_ABNORMAL",FALSE,"kmeans"
"Total-memory-B-cells","Doublet",0,0,0,1,1.85598035625091,1,1,0.4999995000005,"AUCell","HP_ABNORMAL",FALSE,"kmeans"
"Total-memory-B-cells","Eryth",0,0,0,1,-0.140509052579119,1,1,0.4999995000005,"AUCell","HP_ABNORMAL",FALSE,"kmeans"
"Total-memory-B-cells","ILC",0,0,0,1,-0.140509052579119,1,1,0.4999995000005,"AUCell","HP_ABNORMAL",FALSE,"kmeans"
"Total-memory-B-cells","NK_3",0,0,0,1,-0.140509052579119,1,1,0.4999995000005,"AUCell","HP_ABNORMAL",FALSE,"kmeans"
"Total-memory-B-cells","Plasma",0,0,1,3,-0.140509052579119,4,0.75,0.499999833333389,"AUCell","HP_ABNORMAL",FALSE,"kmeans"
"Total-memory-B-cells","Platelet",0,1,1,0,9.56056999890501,2,0,0,"AUCell","HP_ABNORMAL",FALSE,"kmeans"
"cDC1","ASDC_mDC",0,0,0,1,-0.140509052579119,1,1,0.4999995000005,"AUCell","HP_ABNORMAL",FALSE,"kmeans"
"cDC1","CD14 Mono",0,0,0,1,-0.140509052579119,1,1,0.4999995000005,"AUCell","HP_ABNORMAL",FALSE,"kmeans"
"cDC1","cDC1",0,0,14,31,-0.140509052579119,45,0.688888888888889,0.499999983870968,"AUCell","HP_ABNORMAL",FALSE,"kmeans"
"cDC1","cDC2_1",0,0,0,1,-0.140509052579119,1,1,0.4999995000005,"AUCell","HP_ABNORMAL",FALSE,"kmeans"
"cDC1","cDC2_2",0,0,1,5,-0.140509052579119,6,0.833333333333333,0.49999990000002,"AUCell","HP_ABNORMAL",FALSE,"kmeans"
"cDC2","CD14 Mono",1,0,3117,2074,0.00789668276343376,5192,0.399653312788906,0.500160358963487,"AUCell","HP_ABNORMAL",FALSE,"kmeans"
"cDC2","CD16 Mono",0,0,173,95,-0.0944056014771309,268,0.354477611940299,0.499999994736842,"AUCell","HP_ABNORMAL",FALSE,"kmeans"
"cDC2","CD4 CTL",0,0,1,0,-0.140509052579119,1,0,0,"AUCell","HP_ABNORMAL",FALSE,"kmeans"
"cDC2","CD4 Naive",0,0,9,13,0.022083834882417,22,0.590909090909091,0.499999961538465,"AUCell","HP_ABNORMAL",FALSE,"kmeans"
"cDC2","CD4 TCM_1",0,0,9,13,-0.0279618555127207,22,0.590909090909091,0.499999961538465,"AUCell","HP_ABNORMAL",FALSE,"kmeans"
"cDC2","CD4 TCM_3",0,0,1,6,-0.140509052579119,7,0.857142857142857,0.499999916666681,"AUCell","HP_ABNORMAL",FALSE,"kmeans"
"cDC2","CD4 TEM_1",0,0,1,2,-0.140509052579119,3,0.666666666666667,0.499999750000125,"AUCell","HP_ABNORMAL",FALSE,"kmeans"
"cDC2","CD4 TEM_2",0,0,0,1,-0.140509052579119,1,1,0.4999995000005,"AUCell","HP_ABNORMAL",FALSE,"kmeans"
"cDC2","CD4 TEM_3",0,0,1,1,-0.140509052579119,2,0.5,0.4999995000005,"AUCell","HP_ABNORMAL",FALSE,"kmeans"
"cDC2","CD8 Naive",0,0,3,14,0.0195324859603119,17,0.823529411764706,0.499999964285717,"AUCell","HP_ABNORMAL",FALSE,"kmeans"
"cDC2","CD8 TCM_2",0,0,1,0,1.83151357427995,1,0,0,"AUCell","HP_ABNORMAL",FALSE,"kmeans"
"cDC2","CD8 TEM_1",0,0,5,4,-0.140509052579119,9,0.444444444444444,0.499999875000031,"AUCell","HP_ABNORMAL",FALSE,"kmeans"
"cDC2","CD8 TEM_4",0,0,1,1,-0.140509052579119,2,0.5,0.4999995000005,"AUCell","HP_ABNORMAL",FALSE,"kmeans"
"cDC2","CD8 TEM_5",0,0,1,1,-0.140509052579119,2,0.5,0.4999995000005,"AUCell","HP_ABNORMAL",FALSE,"kmeans"
"cDC2","Doublet",0,0,26,8,0.526282717252881,34,0.235294117647059,0.499999937500008,"AUCell","HP_ABNORMAL",FALSE,"kmeans"
"cDC2","Eryth",0,0,1,0,-0.140509052579119,1,0,0,"AUCell","HP_ABNORMAL",FALSE,"kmeans"
"cDC2","HSPC",0,0,3,1,0.690138195334844,4,0.25,0.4999995000005,"AUCell","HP_ABNORMAL",FALSE,"kmeans"
"cDC2","MAIT",0,0,1,4,-0.140509052579119,5,0.8,0.499999875000031,"AUCell","HP_ABNORMAL",FALSE,"kmeans"
"cDC2","NK Proliferating",0,0,0,2,-0.140509052579119,2,1,0.499999750000125,"AUCell","HP_ABNORMAL",FALSE,"kmeans"
"cDC2","NK_2",0,0,2,6,-0.140509052579119,8,0.75,0.499999916666681,"AUCell","HP_ABNORMAL",FALSE,"kmeans"
"cDC2","NK_4",0,0,0,1,-0.140509052579119,1,1,0.4999995000005,"AUCell","HP_ABNORMAL",FALSE,"kmeans"
"cDC2","Platelet",7,0,3,0,10.265702655308,10,0.7,0.349999965000004,"AUCell","HP_ABNORMAL",FALSE,"kmeans"
"cDC2","Treg Naive",0,0,1,2,-0.140509052579119,3,0.666666666666667,0.499999750000125,"AUCell","HP_ABNORMAL",FALSE,"kmeans"
"cDC2","cDC2_1",0,0,38,6,-0.0714459998338293,44,0.136363636363636,0.499999916666681,"AUCell","HP_ABNORMAL",FALSE,"kmeans"
"cDC2","cDC2_2",0,0,32,10,-0.140509052579119,42,0.238095238095238,0.499999950000005,"AUCell","HP_ABNORMAL",FALSE,"kmeans"
"cDC2","gdT_1",0,0,3,0,-0.140509052579119,3,0,0,"AUCell","HP_ABNORMAL",FALSE,"kmeans"
"pDCs","ASDC_mDC",0,0,0,3,-0.140509052579119,3,1,0.499999833333389,"AUCell","HP_ABNORMAL",FALSE,"kmeans"
"pDCs","ASDC_pDC",0,0,3,0,-0.140509052579119,3,0,0,"AUCell","HP_ABNORMAL",FALSE,"kmeans"
"pDCs","pDC",0,0,9,3,-0.120120067603322,12,0.25,0.499999833333389,"AUCell","HP_ABNORMAL",FALSE,"kmeans"
"unknown-R11","CD14 Mono",0,0,0,3,-0.140509052579119,3,1,0.499999833333389,"AUCell","HP_ABNORMAL",FALSE,"kmeans"
"unknown-R11","CD16 Mono",0,0,0,1,-0.140509052579119,1,1,0.4999995000005,"AUCell","HP_ABNORMAL",FALSE,"kmeans"
"unknown-R11","CD4 CTL",0,0,0,1,-0.140509052579119,1,1,0.4999995000005,"AUCell","HP_ABNORMAL",FALSE,"kmeans"
"unknown-R11","CD4 Naive",0,0,0,12,0.170219078452025,12,1,0.499999958333337,"AUCell","HP_ABNORMAL",FALSE,"kmeans"
"unknown-R11","CD4 TCM_1",0,0,0,13,-0.140509052579119,13,1,0.499999961538465,"AUCell","HP_ABNORMAL",FALSE,"kmeans"
"unknown-R11","CD4 TCM_3",0,0,0,12,-0.140509052579119,12,1,0.499999958333337,"AUCell","HP_ABNORMAL",FALSE,"kmeans"
"unknown-R11","CD4 TEM_1",0,0,0,2,-0.140509052579119,2,1,0.499999750000125,"AUCell","HP_ABNORMAL",FALSE,"kmeans"
"unknown-R11","CD4 TEM_2",0,0,0,2,-0.140509052579119,2,1,0.499999750000125,"AUCell","HP_ABNORMAL",FALSE,"kmeans"
"unknown-R11","CD4 TEM_3",0,0,0,21,-0.140509052579119,21,1,0.499999976190477,"AUCell","HP_ABNORMAL",FALSE,"kmeans"
"unknown-R11","CD8 Naive",0,0,0,41,-0.10076545064581,41,1,0.499999987804878,"AUCell","HP_ABNORMAL",FALSE,"kmeans"
"unknown-R11","CD8 Naive_2",0,0,0,2,-0.140509052579119,2,1,0.499999750000125,"AUCell","HP_ABNORMAL",FALSE,"kmeans"
"unknown-R11","CD8 TCM_1",0,0,0,3,-0.140509052579119,3,1,0.499999833333389,"AUCell","HP_ABNORMAL",FALSE,"kmeans"
"unknown-R11","CD8 TCM_2",0,0,0,45,-0.0759167481757949,45,1,0.499999988888889,"AUCell","HP_ABNORMAL",FALSE,"kmeans"
"unknown-R11","CD8 TCM_3",0,0,0,5,-0.140509052579119,5,1,0.49999990000002,"AUCell","HP_ABNORMAL",FALSE,"kmeans"
"unknown-R11","CD8 TEM_1",0,0,0,36,0.0862164603517416,36,1,0.499999986111112,"AUCell","HP_ABNORMAL",FALSE,"kmeans"
"unknown-R11","CD8 TEM_2",0,0,0,32,-0.133627770149788,32,1,0.499999984375001,"AUCell","HP_ABNORMAL",FALSE,"kmeans"
"unknown-R11","CD8 TEM_3",0,0,0,2,-0.140509052579119,2,1,0.499999750000125,"AUCell","HP_ABNORMAL",FALSE,"kmeans"
"unknown-R11","CD8 TEM_4",0,0,0,43,0.0711570612161297,43,1,0.499999988372093,"AUCell","HP_ABNORMAL",FALSE,"kmeans"
"unknown-R11","CD8 TEM_5",0,0,0,30,-0.117184053766808,30,1,0.499999983333334,"AUCell","HP_ABNORMAL",FALSE,"kmeans"
"unknown-R11","CD8 TEM_6",0,0,0,13,-0.0230684991185295,13,1,0.499999961538465,"AUCell","HP_ABNORMAL",FALSE,"kmeans"
"unknown-R11","HSPC",0,0,0,22,-0.0875718334055958,22,1,0.499999977272728,"AUCell","HP_ABNORMAL",FALSE,"kmeans"
"unknown-R11","ILC",0,0,0,2,0.867522364624276,2,1,0.499999750000125,"AUCell","HP_ABNORMAL",FALSE,"kmeans"
"unknown-R11","MAIT",0,0,0,418,-0.0772466172819674,418,1,0.499999998803828,"AUCell","HP_ABNORMAL",FALSE,"kmeans"
"unknown-R11","NK Proliferating",0,0,0,6,-0.140509052579119,6,1,0.499999916666681,"AUCell","HP_ABNORMAL",FALSE,"kmeans"
"unknown-R11","NK_1",0,0,0,5,-0.140509052579119,5,1,0.49999990000002,"AUCell","HP_ABNORMAL",FALSE,"kmeans"
"unknown-R11","NK_2",0,0,0,18,-0.13643125558396,18,1,0.499999972222224,"AUCell","HP_ABNORMAL",FALSE,"kmeans"
"unknown-R11","NK_3",0,0,0,8,-0.140509052579119,8,1,0.499999937500008,"AUCell","HP_ABNORMAL",FALSE,"kmeans"
"unknown-R11","NK_4",0,0,0,5,-0.140509052579119,5,1,0.49999990000002,"AUCell","HP_ABNORMAL",FALSE,"kmeans"
"unknown-R11","NK_CD56bright",0,0,0,3,1.02737200683452,3,1,0.499999833333389,"AUCell","HP_ABNORMAL",FALSE,"kmeans"
"unknown-R11","Platelet",0,5,0,2,10.9317583656487,7,0.285714285714286,0.142857122448982,"AUCell","HP_ABNORMAL",FALSE,"kmeans"
"unknown-R11","Treg Memory",0,0,0,2,-0.140509052579119,2,1,0.499999750000125,"AUCell","HP_ABNORMAL",FALSE,"kmeans"
"unknown-R11","cDC1",0,0,0,2,-0.140509052579119,2,1,0.499999750000125,"AUCell","HP_ABNORMAL",FALSE,"kmeans"
"unknown-R11","cDC2_2",0,0,0,1,-0.140509052579119,1,1,0.4999995000005,"AUCell","HP_ABNORMAL",FALSE,"kmeans"
"unknown-R11","dnT_1",0,0,0,161,-0.0317306517417873,161,1,0.49999999689441,"AUCell","HP_ABNORMAL",FALSE,"kmeans"
"unknown-R11","dnT_2",0,0,0,37,0.0906689738275372,37,1,0.499999986486487,"AUCell","HP_ABNORMAL",FALSE,"kmeans"
"unknown-R11","gdT_1",0,0,0,1337,-0.0480476744291916,1337,1,0.499999999626028,"AUCell","HP_ABNORMAL",FALSE,"kmeans"
"unknown-R11","gdT_2",0,0,0,548,-0.0906914698725628,548,1,0.499999999087591,"AUCell","HP_ABNORMAL",FALSE,"kmeans"
"unknown-R11","gdT_3",0,0,0,487,-0.085677336268849,487,1,0.499999998973306,"AUCell","HP_ABNORMAL",FALSE,"kmeans"
"unknown-R11","gdT_4",0,0,0,396,-0.0839018161099524,396,1,0.499999998737374,"AUCell","HP_ABNORMAL",FALSE,"kmeans"
"unknown-R13","CD4 CTL",0,0,0,65,0.149704622799454,65,1,0.499999992307692,"AUCell","HP_ABNORMAL",FALSE,"kmeans"
"unknown-R13","CD4 Naive",0,0,0,1,-0.140509052579119,1,1,0.4999995000005,"AUCell","HP_ABNORMAL",FALSE,"kmeans"
"unknown-R13","CD4 TCM_1",0,0,0,2,-0.140509052579119,2,1,0.499999750000125,"AUCell","HP_ABNORMAL",FALSE,"kmeans"
"unknown-R13","CD4 TCM_3",0,0,0,1,-0.140509052579119,1,1,0.4999995000005,"AUCell","HP_ABNORMAL",FALSE,"kmeans"
"unknown-R13","CD4 TEM_1",0,0,0,5,-0.140509052579119,5,1,0.49999990000002,"AUCell","HP_ABNORMAL",FALSE,"kmeans"
"unknown-R13","CD4 TEM_3",0,0,0,2,-0.140509052579119,2,1,0.499999750000125,"AUCell","HP_ABNORMAL",FALSE,"kmeans"
"unknown-R13","CD4 TEM_4",0,0,0,1,-0.140509052579119,1,1,0.4999995000005,"AUCell","HP_ABNORMAL",FALSE,"kmeans"
"unknown-R13","CD8 Naive",0,0,0,62,-0.0922068894622638,62,1,0.499999991935484,"AUCell","HP_ABNORMAL",FALSE,"kmeans"
"unknown-R13","CD8 Naive_2",0,0,0,2,-0.140509052579119,2,1,0.499999750000125,"AUCell","HP_ABNORMAL",FALSE,"kmeans"
"unknown-R13","CD8 TCM_1",0,0,0,3,0.356982180830324,3,1,0.499999833333389,"AUCell","HP_ABNORMAL",FALSE,"kmeans"
"unknown-R13","CD8 TCM_2",0,0,0,55,-0.124850312117707,55,1,0.499999990909091,"AUCell","HP_ABNORMAL",FALSE,"kmeans"
"unknown-R13","CD8 TCM_3",0,0,0,4,-0.140509052579119,4,1,0.499999875000031,"AUCell","HP_ABNORMAL",FALSE,"kmeans"
"unknown-R13","CD8 TEM_1",0,0,0,23,-0.130722339790737,23,1,0.499999978260871,"AUCell","HP_ABNORMAL",FALSE,"kmeans"
"unknown-R13","CD8 TEM_2",0,0,0,15,-0.00806220617634303,15,1,0.499999966666669,"AUCell","HP_ABNORMAL",FALSE,"kmeans"
"unknown-R13","CD8 TEM_3",0,0,0,3,-0.140509052579119,3,1,0.499999833333389,"AUCell","HP_ABNORMAL",FALSE,"kmeans"
"unknown-R13","CD8 TEM_4",0,0,0,44,0.091146887627707,44,1,0.499999988636364,"AUCell","HP_ABNORMAL",FALSE,"kmeans"
"unknown-R13","CD8 TEM_5",0,0,0,3,-0.140509052579119,3,1,0.499999833333389,"AUCell","HP_ABNORMAL",FALSE,"kmeans"
"unknown-R13","CD8 TEM_6",0,0,0,1,-0.140509052579119,1,1,0.4999995000005,"AUCell","HP_ABNORMAL",FALSE,"kmeans"
"unknown-R13","MAIT",0,0,0,99,-0.0486721214638938,99,1,0.499999994949495,"AUCell","HP_ABNORMAL",FALSE,"kmeans"
"unknown-R13","NK_2",0,0,0,1,-0.140509052579119,1,1,0.4999995000005,"AUCell","HP_ABNORMAL",FALSE,"kmeans"
"unknown-R13","NK_4",0,0,0,1,3.90629668541704,1,1,0.4999995000005,"AUCell","HP_ABNORMAL",FALSE,"kmeans"
"unknown-R13","Platelet",0,0,0,1,-0.140509052579119,1,1,0.4999995000005,"AUCell","HP_ABNORMAL",FALSE,"kmeans"
"unknown-R13","Treg Naive",0,0,0,1,-0.140509052579119,1,1,0.4999995000005,"AUCell","HP_ABNORMAL",FALSE,"kmeans"
"unknown-R16","CD4 Naive",0,0,0,1,-0.140509052579119,1,1,0.4999995000005,"AUCell","HP_ABNORMAL",FALSE,"kmeans"
"unknown-R16","CD8 Naive",0,0,0,3,-0.140509052579119,3,1,0.499999833333389,"AUCell","HP_ABNORMAL",FALSE,"kmeans"
"unknown-R16","Treg Naive",0,0,0,1,-0.140509052579119,1,1,0.4999995000005,"AUCell","HP_ABNORMAL",FALSE,"kmeans"
"unknown-R16","gdT_1",0,0,0,1,-0.140509052579119,1,1,0.4999995000005,"AUCell","HP_ABNORMAL",FALSE,"kmeans"
"unknown-R40","CD16 Mono",0,0,0,1,0.451587071118021,1,1,0.4999995000005,"AUCell","HP_ABNORMAL",FALSE,"kmeans"
"unknown-Singlets","B intermediate kappa",0,0,0,5,-0.140509052579119,5,1,0.49999990000002,"AUCell","HP_ABNORMAL",FALSE,"kmeans"
"unknown-Singlets","B intermediate lambda",0,0,0,6,-0.140509052579119,6,1,0.499999916666681,"AUCell","HP_ABNORMAL",FALSE,"kmeans"
"unknown-Singlets","B memory kappa",0,0,0,9,-0.140509052579119,9,1,0.499999944444451,"AUCell","HP_ABNORMAL",FALSE,"kmeans"
"unknown-Singlets","B memory lambda",0,0,0,4,-0.128275661593641,4,1,0.499999875000031,"AUCell","HP_ABNORMAL",FALSE,"kmeans"
"unknown-Singlets","B naive kappa",0,0,0,18,-0.107614823484834,18,1,0.499999972222224,"AUCell","HP_ABNORMAL",FALSE,"kmeans"
"unknown-Singlets","B naive lambda",0,0,0,11,-0.0884615345681761,11,1,0.499999954545459,"AUCell","HP_ABNORMAL",FALSE,"kmeans"
"unknown-Singlets","CD14 Mono",0,0,0,26,0.146693326556874,26,1,0.499999980769231,"AUCell","HP_ABNORMAL",FALSE,"kmeans"
"unknown-Singlets","CD16 Mono",0,0,0,6,-0.140509052579119,6,1,0.499999916666681,"AUCell","HP_ABNORMAL",FALSE,"kmeans"
"unknown-Singlets","CD4 CTL",0,0,0,1,-0.140509052579119,1,1,0.4999995000005,"AUCell","HP_ABNORMAL",FALSE,"kmeans"
"unknown-Singlets","CD4 Naive",0,0,0,6,0.357797740229355,6,1,0.499999916666681,"AUCell","HP_ABNORMAL",FALSE,"kmeans"
"unknown-Singlets","CD4 TCM_1",0,0,0,5,-0.140509052579119,5,1,0.49999990000002,"AUCell","HP_ABNORMAL",FALSE,"kmeans"
"unknown-Singlets","CD4 TCM_2",0,0,0,2,-0.140509052579119,2,1,0.499999750000125,"AUCell","HP_ABNORMAL",FALSE,"kmeans"
"unknown-Singlets","CD4 TCM_3",0,0,0,4,-0.140509052579119,4,1,0.499999875000031,"AUCell","HP_ABNORMAL",FALSE,"kmeans"
"unknown-Singlets","CD4 TEM_3",0,0,0,4,-0.140509052579119,4,1,0.499999875000031,"AUCell","HP_ABNORMAL",FALSE,"kmeans"
"unknown-Singlets","CD8 Naive",0,0,0,4,-0.140509052579119,4,1,0.499999875000031,"AUCell","HP_ABNORMAL",FALSE,"kmeans"
"unknown-Singlets","CD8 TCM_1",0,0,0,2,-0.140509052579119,2,1,0.499999750000125,"AUCell","HP_ABNORMAL",FALSE,"kmeans"
"unknown-Singlets","CD8 TCM_2",0,0,0,1,-0.140509052579119,1,1,0.4999995000005,"AUCell","HP_ABNORMAL",FALSE,"kmeans"
"unknown-Singlets","CD8 TEM_1",0,0,0,6,-0.140509052579119,6,1,0.499999916666681,"AUCell","HP_ABNORMAL",FALSE,"kmeans"
"unknown-Singlets","CD8 TEM_2",0,0,0,1,-0.140509052579119,1,1,0.4999995000005,"AUCell","HP_ABNORMAL",FALSE,"kmeans"
"unknown-Singlets","CD8 TEM_4",0,0,0,1,-0.140509052579119,1,1,0.4999995000005,"AUCell","HP_ABNORMAL",FALSE,"kmeans"
"unknown-Singlets","CD8 TEM_6",0,0,0,2,-0.140509052579119,2,1,0.499999750000125,"AUCell","HP_ABNORMAL",FALSE,"kmeans"
"unknown-Singlets","Doublet",0,0,0,3,0.968651730104229,3,1,0.499999833333389,"AUCell","HP_ABNORMAL",FALSE,"kmeans"
"unknown-Singlets","MAIT",0,0,0,2,-0.140509052579119,2,1,0.499999750000125,"AUCell","HP_ABNORMAL",FALSE,"kmeans"
"unknown-Singlets","NK_1",0,0,0,7,-0.140509052579119,7,1,0.499999928571439,"AUCell","HP_ABNORMAL",FALSE,"kmeans"
"unknown-Singlets","NK_2",0,0,0,5,0.392866794387726,5,1,0.49999990000002,"AUCell","HP_ABNORMAL",FALSE,"kmeans"
"unknown-Singlets","Platelet",0,1,0,1,7.51270034793598,2,0.5,0.249999875000062,"AUCell","HP_ABNORMAL",FALSE,"kmeans"
"unknown-Singlets","Treg Memory",0,0,0,1,-0.140509052579119,1,1,0.4999995000005,"AUCell","HP_ABNORMAL",FALSE,"kmeans"
"unknown-Singlets","Treg Naive",0,0,0,1,-0.140509052579119,1,1,0.4999995000005,"AUCell","HP_ABNORMAL",FALSE,"kmeans"
"unknown-Singlets","cDC2_2",0,0,0,1,-0.140509052579119,1,1,0.4999995000005,"AUCell","HP_ABNORMAL",FALSE,"kmeans"
"unknown-Singlets","gdT_2",0,0,0,1,-0.140509052579119,1,1,0.4999995000005,"AUCell","HP_ABNORMAL",FALSE,"kmeans"
"unknown-Singlets","gdT_4",0,0,0,1,-0.140509052579119,1,1,0.4999995000005,"AUCell","HP_ABNORMAL",FALSE,"kmeans"
"unknown-nonBcells","CD4 Naive",0,0,0,5,-0.0808101045699861,5,1,0.49999990000002,"AUCell","HP_ABNORMAL",FALSE,"kmeans"
"unknown-nonBcells","CD4 TCM_1",0,0,0,1,-0.140509052579119,1,1,0.4999995000005,"AUCell","HP_ABNORMAL",FALSE,"kmeans"
"unknown-nonBcells","CD4 TCM_3",0,0,0,3,-0.140509052579119,3,1,0.499999833333389,"AUCell","HP_ABNORMAL",FALSE,"kmeans"
"unknown-nonBcells","CD8 Naive",0,0,0,3,-0.140509052579119,3,1,0.499999833333389,"AUCell","HP_ABNORMAL",FALSE,"kmeans"
"unknown-nonBcells","CD8 TCM_1",0,0,0,1,-0.140509052579119,1,1,0.4999995000005,"AUCell","HP_ABNORMAL",FALSE,"kmeans"
"unknown-nonBcells","CD8 TEM_1",0,0,0,2,1.26633091075086,2,1,0.499999750000125,"AUCell","HP_ABNORMAL",FALSE,"kmeans"
"unknown-nonBcells","CD8 TEM_2",0,0,0,1,-0.140509052579119,1,1,0.4999995000005,"AUCell","HP_ABNORMAL",FALSE,"kmeans"
"unknown-nonBcells","Doublet",0,0,0,8,-0.140509052579119,8,1,0.499999937500008,"AUCell","HP_ABNORMAL",FALSE,"kmeans"
"unknown-nonBcells","MAIT",0,0,0,2,-0.140509052579119,2,1,0.499999750000125,"AUCell","HP_ABNORMAL",FALSE,"kmeans"
"unknown-nonBcells","gdT_2",0,0,0,1,-0.140509052579119,1,1,0.4999995000005,"AUCell","HP_ABNORMAL",FALSE,"kmeans"
"unknown-nonBcells-nonMonocytes","NK_1",0,0,0,1,-0.140509052579119,1,1,0.4999995000005,"AUCell","HP_ABNORMAL",FALSE,"kmeans"
"unknown-nonBcells-nonMonocytes","NK_3",0,0,0,1,-0.140509052579119,1,1,0.4999995000005,"AUCell","HP_ABNORMAL",FALSE,"kmeans"
"unknown-nonBcells-nonMonocytes","NK_4",0,0,0,4,0.489510583173003,4,1,0.499999875000031,"AUCell","HP_ABNORMAL",FALSE,"kmeans"
"unknown-nonBcells-nonMonocytes","NK_CD56bright",0,0,0,47,-0.137802089467439,47,1,0.499999989361702,"AUCell","HP_ABNORMAL",FALSE,"kmeans"
"unknown-nonBcells-nonMonocytes","Platelet",0,0,0,1,4.72348720324697,1,1,0.4999995000005,"AUCell","HP_ABNORMAL",FALSE,"kmeans"
"unknown-nonBcells-nonMonocytes","cDC2_2",0,0,0,2,-0.140509052579119,2,1,0.499999750000125,"AUCell","HP_ABNORMAL",FALSE,"kmeans"
"unknown-nonTcell-nonNKcell","ASDC_mDC",0,0,0,4,-0.140509052579119,4,1,0.499999875000031,"AUCell","HP_ABNORMAL",FALSE,"kmeans"
"unknown-nonTcell-nonNKcell","ASDC_pDC",0,0,0,2,-0.140509052579119,2,1,0.499999750000125,"AUCell","HP_ABNORMAL",FALSE,"kmeans"
"unknown-nonTcell-nonNKcell","B memory kappa",0,0,0,2,-0.140509052579119,2,1,0.499999750000125,"AUCell","HP_ABNORMAL",FALSE,"kmeans"
"unknown-nonTcell-nonNKcell","B memory lambda",0,0,0,1,-0.140509052579119,1,1,0.4999995000005,"AUCell","HP_ABNORMAL",FALSE,"kmeans"
"unknown-nonTcell-nonNKcell","B naive kappa",0,0,0,2,-0.140509052579119,2,1,0.499999750000125,"AUCell","HP_ABNORMAL",FALSE,"kmeans"
"unknown-nonTcell-nonNKcell","CD14 Mono",0,0,0,968,0.00768685243339149,968,1,0.499999999483471,"AUCell","HP_ABNORMAL",FALSE,"kmeans"
"unknown-nonTcell-nonNKcell","CD16 Mono",0,0,0,45,0.0620759021403981,45,1,0.499999988888889,"AUCell","HP_ABNORMAL",FALSE,"kmeans"
"unknown-nonTcell-nonNKcell","CD4 CTL",0,0,0,12,-0.0304085337098164,12,1,0.499999958333337,"AUCell","HP_ABNORMAL",FALSE,"kmeans"
"unknown-nonTcell-nonNKcell","CD4 Naive",0,0,0,74,-0.103015362369573,74,1,0.499999993243243,"AUCell","HP_ABNORMAL",FALSE,"kmeans"
"unknown-nonTcell-nonNKcell","CD4 TCM_1",0,0,0,161,-0.0232204667084112,161,1,0.49999999689441,"AUCell","HP_ABNORMAL",FALSE,"kmeans"
"unknown-nonTcell-nonNKcell","CD4 TCM_2",0,0,0,5,-0.140509052579119,5,1,0.49999990000002,"AUCell","HP_ABNORMAL",FALSE,"kmeans"
"unknown-nonTcell-nonNKcell","CD4 TCM_3",0,0,0,166,-0.0533424570512669,166,1,0.499999996987952,"AUCell","HP_ABNORMAL",FALSE,"kmeans"
"unknown-nonTcell-nonNKcell","CD4 TEM_1",0,0,0,57,-0.0380061133744817,57,1,0.49999999122807,"AUCell","HP_ABNORMAL",FALSE,"kmeans"
"unknown-nonTcell-nonNKcell","CD4 TEM_2",0,0,0,7,-0.140509052579119,7,1,0.499999928571439,"AUCell","HP_ABNORMAL",FALSE,"kmeans"
"unknown-nonTcell-nonNKcell","CD4 TEM_3",0,0,0,32,-0.135309861410291,32,1,0.499999984375001,"AUCell","HP_ABNORMAL",FALSE,"kmeans"
"unknown-nonTcell-nonNKcell","CD8 Naive",0,0,0,40,-0.139775049119991,40,1,0.4999999875,"AUCell","HP_ABNORMAL",FALSE,"kmeans"
"unknown-nonTcell-nonNKcell","CD8 Naive_2",0,0,0,2,-0.140509052579119,2,1,0.499999750000125,"AUCell","HP_ABNORMAL",FALSE,"kmeans"
"unknown-nonTcell-nonNKcell","CD8 TCM_1",0,0,0,15,-0.140509052579119,15,1,0.499999966666669,"AUCell","HP_ABNORMAL",FALSE,"kmeans"
"unknown-nonTcell-nonNKcell","CD8 TCM_2",0,0,0,45,-0.140509052579119,45,1,0.499999988888889,"AUCell","HP_ABNORMAL",FALSE,"kmeans"
"unknown-nonTcell-nonNKcell","CD8 TCM_3",0,0,0,8,0.503578982806303,8,1,0.499999937500008,"AUCell","HP_ABNORMAL",FALSE,"kmeans"
"unknown-nonTcell-nonNKcell","CD8 TEM_1",0,0,0,72,-0.0458361990081693,72,1,0.499999993055556,"AUCell","HP_ABNORMAL",FALSE,"kmeans"
"unknown-nonTcell-nonNKcell","CD8 TEM_2",0,0,0,40,-0.0644173606494455,40,1,0.4999999875,"AUCell","HP_ABNORMAL",FALSE,"kmeans"
"unknown-nonTcell-nonNKcell","CD8 TEM_3",0,0,0,14,-0.071303012146986,14,1,0.499999964285717,"AUCell","HP_ABNORMAL",FALSE,"kmeans"
"unknown-nonTcell-nonNKcell","CD8 TEM_4",0,0,0,51,-0.0680681883121705,51,1,0.499999990196079,"AUCell","HP_ABNORMAL",FALSE,"kmeans"
"unknown-nonTcell-nonNKcell","CD8 TEM_5",0,0,0,18,-0.140509052579119,18,1,0.499999972222224,"AUCell","HP_ABNORMAL",FALSE,"kmeans"
"unknown-nonTcell-nonNKcell","CD8 TEM_6",0,0,0,32,-0.12537023123459,32,1,0.499999984375001,"AUCell","HP_ABNORMAL",FALSE,"kmeans"
"unknown-nonTcell-nonNKcell","Doublet",0,0,0,7,0.460674732992947,7,1,0.499999928571439,"AUCell","HP_ABNORMAL",FALSE,"kmeans"
"unknown-nonTcell-nonNKcell","Eryth",0,0,0,2,-0.140509052579119,2,1,0.499999750000125,"AUCell","HP_ABNORMAL",FALSE,"kmeans"
"unknown-nonTcell-nonNKcell","HSPC",0,0,0,92,0.0770857409930151,92,1,0.499999994565217,"AUCell","HP_ABNORMAL",FALSE,"kmeans"
"unknown-nonTcell-nonNKcell","ILC",0,0,0,24,0.0646041362773969,24,1,0.499999979166667,"AUCell","HP_ABNORMAL",FALSE,"kmeans"
"unknown-nonTcell-nonNKcell","MAIT",0,0,0,52,-0.10296195255446,52,1,0.499999990384616,"AUCell","HP_ABNORMAL",FALSE,"kmeans"
"unknown-nonTcell-nonNKcell","NK Proliferating",0,0,0,20,-0.133413685807542,20,1,0.499999975000001,"AUCell","HP_ABNORMAL",FALSE,"kmeans"
"unknown-nonTcell-nonNKcell","NK_1",0,0,0,407,-0.0934751208492025,407,1,0.499999998771499,"AUCell","HP_ABNORMAL",FALSE,"kmeans"
"unknown-nonTcell-nonNKcell","NK_2",0,0,0,149,-0.0733813984198784,149,1,0.499999996644295,"AUCell","HP_ABNORMAL",FALSE,"kmeans"
"unknown-nonTcell-nonNKcell","NK_3",0,0,0,86,-0.102215693819925,86,1,0.499999994186047,"AUCell","HP_ABNORMAL",FALSE,"kmeans"
"unknown-nonTcell-nonNKcell","NK_4",0,0,0,63,-0.140509052579119,63,1,0.499999992063492,"AUCell","HP_ABNORMAL",FALSE,"kmeans"
"unknown-nonTcell-nonNKcell","NK_CD56bright",0,0,0,64,-0.0992213580031307,64,1,0.4999999921875,"AUCell","HP_ABNORMAL",FALSE,"kmeans"
"unknown-nonTcell-nonNKcell","Platelet",0,356,0,34,14.4379288818076,390,0.0871794871794872,0.043589743477975,"AUCell","HP_ABNORMAL",FALSE,"kmeans"
"unknown-nonTcell-nonNKcell","Treg Memory",0,0,0,19,-0.0176600525775813,19,1,0.499999973684212,"AUCell","HP_ABNORMAL",FALSE,"kmeans"
"unknown-nonTcell-nonNKcell","Treg Naive",0,0,0,6,-0.140509052579119,6,1,0.499999916666681,"AUCell","HP_ABNORMAL",FALSE,"kmeans"
"unknown-nonTcell-nonNKcell","cDC1",0,0,0,50,-0.140509052579119,50,1,0.49999999,"AUCell","HP_ABNORMAL",FALSE,"kmeans"
"unknown-nonTcell-nonNKcell","cDC2_1",0,0,0,21,-0.140509052579119,21,1,0.499999976190477,"AUCell","HP_ABNORMAL",FALSE,"kmeans"
"unknown-nonTcell-nonNKcell","cDC2_2",0,0,0,95,-0.086115533081583,95,1,0.499999994736842,"AUCell","HP_ABNORMAL",FALSE,"kmeans"
"unknown-nonTcell-nonNKcell","gdT_2",0,0,0,1,-0.140509052579119,1,1,0.4999995000005,"AUCell","HP_ABNORMAL",FALSE,"kmeans"
"unknown-nonTcell-nonNKcell","gdT_3",0,0,0,12,-0.117265609706711,12,1,0.499999958333337,"AUCell","HP_ABNORMAL",FALSE,"kmeans"
"unknown-nonTcell-nonNKcell","gdT_4",0,0,0,2,-0.140509052579119,2,1,0.499999750000125,"AUCell","HP_ABNORMAL",FALSE,"kmeans"
"unknown-nonTcell-nonNKcell","pDC",0,0,0,42,0.031806997587758,42,1,0.499999988095238,"AUCell","HP_ABNORMAL",FALSE,"kmeans"
"unknown-noncDCs","CD4 Naive",0,0,0,1,-0.140509052579119,1,1,0.4999995000005,"AUCell","HP_ABNORMAL",FALSE,"kmeans"
"unknown-noncDCs","CD4 TCM_1",0,0,0,1,3.85246976508093,1,1,0.4999995000005,"AUCell","HP_ABNORMAL",FALSE,"kmeans"
"unknown-noncDCs","CD4 TCM_3",0,0,0,1,-0.140509052579119,1,1,0.4999995000005,"AUCell","HP_ABNORMAL",FALSE,"kmeans"
"unknown-noncDCs","CD4 TEM_3",0,0,0,2,-0.140509052579119,2,1,0.499999750000125,"AUCell","HP_ABNORMAL",FALSE,"kmeans"
"unknown-noncDCs","CD8 TEM_6",0,0,0,1,-0.140509052579119,1,1,0.4999995000005,"AUCell","HP_ABNORMAL",FALSE,"kmeans"
"unknown-noncDCs","MAIT",0,0,0,1,-0.140509052579119,1,1,0.4999995000005,"AUCell","HP_ABNORMAL",FALSE,"kmeans"
"unknown-noncDCs","NK_4",0,0,0,1,-0.140509052579119,1,1,0.4999995000005,"AUCell","HP_ABNORMAL",FALSE,"kmeans"
"unknown-noncDCs","NK_CD56bright",0,0,0,38,-0.0811449131653782,38,1,0.499999986842106,"AUCell","HP_ABNORMAL",FALSE,"kmeans"
"unknown-noncDCs","Treg Naive",0,0,0,2,-0.140509052579119,2,1,0.499999750000125,"AUCell","HP_ABNORMAL",FALSE,"kmeans"
