"celltype_clean","celltype.l3","FP_Count","TP_Count","Mean_Z","Cell_Count","Method","Signature","Ext","Mode"
"B-cells","B intermediate kappa",3,0,-0.657460788661213,36,"AUCell","MANNE_UP",TRUE,"percentile"
"B-cells","B intermediate lambda",6,0,-0.75665192905929,169,"AUCell","MANNE_UP",TRUE,"percentile"
"B-cells","B memory kappa",7,0,-0.499008934657769,45,"AUCell","MANNE_UP",TRUE,"percentile"
"B-cells","B memory lambda",6,0,-0.229172493078085,36,"AUCell","MANNE_UP",TRUE,"percentile"
"B-cells","B naive kappa",7,0,-0.841482402412701,268,"AUCell","MANNE_UP",TRUE,"percentile"
"B-cells","B naive lambda",3,0,-0.674739852484081,20,"AUCell","MANNE_UP",TRUE,"percentile"
"B-cells","Plasma",1,0,0.66351006848192,2,"AUCell","MANNE_UP",TRUE,"percentile"
"Classical-Monocytes","CD14 Mono",60,12800,0.235322376561125,33834,"AUCell","MANNE_UP",TRUE,"percentile"
"Classical-Monocytes","CD16 Mono",3,362,1.22500819829919,490,"AUCell","MANNE_UP",TRUE,"percentile"
"Classical-Monocytes","Doublet",0,64,0.37452387284371,141,"AUCell","MANNE_UP",TRUE,"percentile"
"Classical-Monocytes","HSPC",0,0,-0.861581256006306,1,"AUCell","MANNE_UP",TRUE,"percentile"
"Classical-Monocytes","NK_4",0,0,-0.182768291817367,1,"AUCell","MANNE_UP",TRUE,"percentile"
"Classical-Monocytes","NK_CD56bright",0,0,0.0880109455459129,1,"AUCell","MANNE_UP",TRUE,"percentile"
"Classical-Monocytes","Platelet",0,26,-0.501806091758472,139,"AUCell","MANNE_UP",TRUE,"percentile"
"Classical-Monocytes","cDC1",0,1,-0.37662160947517,4,"AUCell","MANNE_UP",TRUE,"percentile"
"Classical-Monocytes","cDC2_1",0,63,0.249425608053023,157,"AUCell","MANNE_UP",TRUE,"percentile"
"Classical-Monocytes","cDC2_2",0,11,-0.126449194239054,45,"AUCell","MANNE_UP",TRUE,"percentile"
"Classical-Monocytes","gdT_2",0,0,-0.796310778680446,1,"AUCell","MANNE_UP",TRUE,"percentile"
"Classical-Monocytes","pDC",0,2,0.232948702624936,5,"AUCell","MANNE_UP",TRUE,"percentile"
"DCs","ASDC_mDC",0,0,-0.271163166824388,1,"AUCell","MANNE_UP",TRUE,"percentile"
"DCs","CD14 Mono",3,41,-0.0317768350892221,136,"AUCell","MANNE_UP",TRUE,"percentile"
"DCs","CD16 Mono",4,60,1.05631323039957,79,"AUCell","MANNE_UP",TRUE,"percentile"
"DCs","CD4 CTL",0,1,0.105093161897481,5,"AUCell","MANNE_UP",TRUE,"percentile"
"DCs","CD4 Naive",6,6,-0.0546471207152896,41,"AUCell","MANNE_UP",TRUE,"percentile"
"DCs","CD4 Proliferating",0,0,-0.136519496455044,1,"AUCell","MANNE_UP",TRUE,"percentile"
"DCs","CD4 TCM_1",5,1,-0.0366176780379821,27,"AUCell","MANNE_UP",TRUE,"percentile"
"DCs","CD4 TCM_2",1,1,0.157757112745546,5,"AUCell","MANNE_UP",TRUE,"percentile"
"DCs","CD4 TCM_3",1,6,0.0347405062874165,23,"AUCell","MANNE_UP",TRUE,"percentile"
"DCs","CD4 TEM_1",1,0,0.241303323722646,2,"AUCell","MANNE_UP",TRUE,"percentile"
"DCs","CD4 TEM_3",1,2,0.185170713222407,8,"AUCell","MANNE_UP",TRUE,"percentile"
"DCs","CD8 Naive",10,9,0.106032378636144,44,"AUCell","MANNE_UP",TRUE,"percentile"
"DCs","CD8 Naive_2",0,0,0.171930130679161,1,"AUCell","MANNE_UP",TRUE,"percentile"
"DCs","CD8 Proliferating",0,1,0.910045985695595,1,"AUCell","MANNE_UP",TRUE,"percentile"
"DCs","CD8 TCM_1",1,0,0.639453235410389,2,"AUCell","MANNE_UP",TRUE,"percentile"
"DCs","CD8 TCM_2",0,1,-0.122253234982392,4,"AUCell","MANNE_UP",TRUE,"percentile"
"DCs","CD8 TCM_3",0,0,-0.459142141522864,4,"AUCell","MANNE_UP",TRUE,"percentile"
"DCs","CD8 TEM_1",0,2,-0.00332628113738494,9,"AUCell","MANNE_UP",TRUE,"percentile"
"DCs","CD8 TEM_2",0,1,-0.0425300091058059,3,"AUCell","MANNE_UP",TRUE,"percentile"
"DCs","CD8 TEM_4",1,1,-0.0173076317963131,8,"AUCell","MANNE_UP",TRUE,"percentile"
"DCs","CD8 TEM_5",0,0,-0.185752085066549,1,"AUCell","MANNE_UP",TRUE,"percentile"
"DCs","Doublet",0,12,1.20998302620713,17,"AUCell","MANNE_UP",TRUE,"percentile"
"DCs","HSPC",0,0,-0.369379694609967,3,"AUCell","MANNE_UP",TRUE,"percentile"
"DCs","MAIT",0,1,0.0207512727205987,3,"AUCell","MANNE_UP",TRUE,"percentile"
"DCs","NK Proliferating",0,0,-0.223049500681326,1,"AUCell","MANNE_UP",TRUE,"percentile"
"DCs","NK_1",0,0,-0.837337935856701,1,"AUCell","MANNE_UP",TRUE,"percentile"
"DCs","NK_2",0,0,-0.338112027852913,2,"AUCell","MANNE_UP",TRUE,"percentile"
"DCs","NK_4",1,0,0.330071172885815,1,"AUCell","MANNE_UP",TRUE,"percentile"
"DCs","Platelet",1,7,-0.621126439164605,69,"AUCell","MANNE_UP",TRUE,"percentile"
"DCs","Treg Memory",0,1,0.1152380589447,2,"AUCell","MANNE_UP",TRUE,"percentile"
"DCs","Treg Naive",0,1,-0.295219999895919,4,"AUCell","MANNE_UP",TRUE,"percentile"
"DCs","cDC1",0,0,-0.714629438484085,2,"AUCell","MANNE_UP",TRUE,"percentile"
"DCs","cDC2_1",0,5,0.0209999221580306,12,"AUCell","MANNE_UP",TRUE,"percentile"
"DCs","cDC2_2",4,17,-0.000186886510690455,53,"AUCell","MANNE_UP",TRUE,"percentile"
"DCs","gdT_1",0,1,0.276362894400536,1,"AUCell","MANNE_UP",TRUE,"percentile"
"DCs","gdT_2",1,0,0.0473567625258061,2,"AUCell","MANNE_UP",TRUE,"percentile"
"DCs","gdT_3",0,0,-0.681807712743081,1,"AUCell","MANNE_UP",TRUE,"percentile"
"DCs","gdT_4",0,1,0.26741151465299,1,"AUCell","MANNE_UP",TRUE,"percentile"
"DCs","pDC",0,3,0.526379903738257,3,"AUCell","MANNE_UP",TRUE,"percentile"
"Early-NK-cells","CD14 Mono",0,0,-0.34613097221009,1,"AUCell","MANNE_UP",TRUE,"percentile"
"Early-NK-cells","CD16 Mono",4,1,0.799272661319708,6,"AUCell","MANNE_UP",TRUE,"percentile"
"Early-NK-cells","CD4 Naive",0,0,-1.5150319775772,1,"AUCell","MANNE_UP",TRUE,"percentile"
"Early-NK-cells","CD4 TCM_1",0,0,-0.424082570844973,1,"AUCell","MANNE_UP",TRUE,"percentile"
"Early-NK-cells","CD8 TEM_1",0,0,-0.926851733332165,1,"AUCell","MANNE_UP",TRUE,"percentile"
"Early-NK-cells","CD8 TEM_2",0,0,0.0376594344659644,2,"AUCell","MANNE_UP",TRUE,"percentile"
"Early-NK-cells","CD8 TEM_4",4,0,0.6033866345109,5,"AUCell","MANNE_UP",TRUE,"percentile"
"Early-NK-cells","CD8 TEM_5",4,0,-0.0948122099352256,17,"AUCell","MANNE_UP",TRUE,"percentile"
"Early-NK-cells","NK Proliferating",3,0,-0.440493433715475,31,"AUCell","MANNE_UP",TRUE,"percentile"
"Early-NK-cells","NK_1",188,3,-0.0950762906616732,736,"AUCell","MANNE_UP",TRUE,"percentile"
"Early-NK-cells","NK_2",81,1,-0.0371697656590066,296,"AUCell","MANNE_UP",TRUE,"percentile"
"Early-NK-cells","NK_3",6,1,-0.314017897365767,40,"AUCell","MANNE_UP",TRUE,"percentile"
"Early-NK-cells","NK_4",6,0,-0.12175757195909,19,"AUCell","MANNE_UP",TRUE,"percentile"
"Early-NK-cells","NK_CD56bright",1,0,0.744818434522134,1,"AUCell","MANNE_UP",TRUE,"percentile"
"Early-NK-cells","cDC2_2",0,0,-0.788105347245195,1,"AUCell","MANNE_UP",TRUE,"percentile"
"Early-NK-cells","gdT_2",0,0,-0.422217700064234,1,"AUCell","MANNE_UP",TRUE,"percentile"
"Intermediate-Monocytes","CD14 Mono",9,354,0.769110892536755,630,"AUCell","MANNE_UP",TRUE,"percentile"
"Intermediate-Monocytes","CD16 Mono",27,1859,1.57508024369833,2150,"AUCell","MANNE_UP",TRUE,"percentile"
"Intermediate-Monocytes","Doublet",0,102,1.33495599613362,117,"AUCell","MANNE_UP",TRUE,"percentile"
"Intermediate-Monocytes","Platelet",0,1,-0.855389885014253,5,"AUCell","MANNE_UP",TRUE,"percentile"
"Intermediate-Monocytes","cDC2_1",0,1,0.411379538926028,1,"AUCell","MANNE_UP",TRUE,"percentile"
"Late-NK-cells","ASDC_mDC",3,0,-0.158450376836532,15,"AUCell","MANNE_UP",TRUE,"percentile"
"Late-NK-cells","ASDC_pDC",1,3,0.477582451642257,6,"AUCell","MANNE_UP",TRUE,"percentile"
"Late-NK-cells","B intermediate kappa",0,0,-0.625954832859953,4,"AUCell","MANNE_UP",TRUE,"percentile"
"Late-NK-cells","B intermediate lambda",0,0,-1.32985030904983,2,"AUCell","MANNE_UP",TRUE,"percentile"
"Late-NK-cells","B memory kappa",0,0,-1.21826887400229,3,"AUCell","MANNE_UP",TRUE,"percentile"
"Late-NK-cells","B memory lambda",0,0,-0.748197112537384,1,"AUCell","MANNE_UP",TRUE,"percentile"
"Late-NK-cells","B naive kappa",0,0,-1.51726982251408,1,"AUCell","MANNE_UP",TRUE,"percentile"
"Late-NK-cells","CD14 Mono",2,0,0.0887154522853033,9,"AUCell","MANNE_UP",TRUE,"percentile"
"Late-NK-cells","CD16 Mono",554,485,0.962875129613807,1417,"AUCell","MANNE_UP",TRUE,"percentile"
"Late-NK-cells","CD4 CTL",1,0,0.0136026013944333,2,"AUCell","MANNE_UP",TRUE,"percentile"
"Late-NK-cells","CD4 Naive",23,0,-0.117648780221377,84,"AUCell","MANNE_UP",TRUE,"percentile"
"Late-NK-cells","CD4 Proliferating",1,0,-0.271349653902462,2,"AUCell","MANNE_UP",TRUE,"percentile"
"Late-NK-cells","CD4 TCM_1",1,0,0.130753783840447,5,"AUCell","MANNE_UP",TRUE,"percentile"
"Late-NK-cells","CD4 TEM_2",0,0,0.232351943975099,1,"AUCell","MANNE_UP",TRUE,"percentile"
"Late-NK-cells","CD8 Naive",61,0,-0.170594358849468,264,"AUCell","MANNE_UP",TRUE,"percentile"
"Late-NK-cells","CD8 Naive_2",0,1,-0.0105785563958138,3,"AUCell","MANNE_UP",TRUE,"percentile"
"Late-NK-cells","CD8 Proliferating",1,0,0.117102929725439,2,"AUCell","MANNE_UP",TRUE,"percentile"
"Late-NK-cells","CD8 TCM_1",3,0,0.339693906114427,5,"AUCell","MANNE_UP",TRUE,"percentile"
"Late-NK-cells","CD8 TCM_2",0,0,-0.448740306723631,9,"AUCell","MANNE_UP",TRUE,"percentile"
"Late-NK-cells","CD8 TEM_1",4,0,-0.35199336086954,39,"AUCell","MANNE_UP",TRUE,"percentile"
"Late-NK-cells","CD8 TEM_2",21,0,-0.0946924078649459,76,"AUCell","MANNE_UP",TRUE,"percentile"
"Late-NK-cells","CD8 TEM_3",3,0,-0.103614887568229,9,"AUCell","MANNE_UP",TRUE,"percentile"
"Late-NK-cells","CD8 TEM_4",15,0,0.0420729619803795,42,"AUCell","MANNE_UP",TRUE,"percentile"
"Late-NK-cells","CD8 TEM_5",16,1,0.0474789437148891,58,"AUCell","MANNE_UP",TRUE,"percentile"
"Late-NK-cells","CD8 TEM_6",19,0,-0.0928950011793505,83,"AUCell","MANNE_UP",TRUE,"percentile"
"Late-NK-cells","Doublet",0,14,1.33222941957011,16,"AUCell","MANNE_UP",TRUE,"percentile"
"Late-NK-cells","HSPC",0,0,-0.728232025355357,34,"AUCell","MANNE_UP",TRUE,"percentile"
"Late-NK-cells","ILC",31,0,0.0432627206257657,86,"AUCell","MANNE_UP",TRUE,"percentile"
"Late-NK-cells","MAIT",2,0,-0.252110403681173,12,"AUCell","MANNE_UP",TRUE,"percentile"
"Late-NK-cells","NK Proliferating",70,2,-0.281941116828081,409,"AUCell","MANNE_UP",TRUE,"percentile"
"Late-NK-cells","NK_1",704,5,-0.118894117455914,2817,"AUCell","MANNE_UP",TRUE,"percentile"
"Late-NK-cells","NK_2",2342,26,-0.0731163320527382,8858,"AUCell","MANNE_UP",TRUE,"percentile"
"Late-NK-cells","NK_3",403,2,-0.201523119421137,1919,"AUCell","MANNE_UP",TRUE,"percentile"
"Late-NK-cells","NK_4",393,4,-0.0059941771528583,1312,"AUCell","MANNE_UP",TRUE,"percentile"
"Late-NK-cells","NK_CD56bright",202,3,0.0399369812995323,667,"AUCell","MANNE_UP",TRUE,"percentile"
"Late-NK-cells","Plasma",2,0,0.373709149155104,3,"AUCell","MANNE_UP",TRUE,"percentile"
"Late-NK-cells","Platelet",2,3,-0.433929088567274,20,"AUCell","MANNE_UP",TRUE,"percentile"
"Late-NK-cells","Treg Memory",1,0,0.0195701878927975,4,"AUCell","MANNE_UP",TRUE,"percentile"
"Late-NK-cells","Treg Naive",2,0,-0.359422414865537,11,"AUCell","MANNE_UP",TRUE,"percentile"
"Late-NK-cells","cDC1",0,1,-0.4011819576575,10,"AUCell","MANNE_UP",TRUE,"percentile"
"Late-NK-cells","cDC2_1",0,0,-0.944505843389826,3,"AUCell","MANNE_UP",TRUE,"percentile"
"Late-NK-cells","cDC2_2",27,25,0.0550833135630403,162,"AUCell","MANNE_UP",TRUE,"percentile"
"Late-NK-cells","dnT_1",2,0,0.243615763490762,5,"AUCell","MANNE_UP",TRUE,"percentile"
"Late-NK-cells","dnT_2",1,0,-0.111778877430575,6,"AUCell","MANNE_UP",TRUE,"percentile"
"Late-NK-cells","gdT_1",0,0,-0.738499784477542,1,"AUCell","MANNE_UP",TRUE,"percentile"
"Late-NK-cells","gdT_2",4,0,0.38804793338034,9,"AUCell","MANNE_UP",TRUE,"percentile"
"Late-NK-cells","gdT_3",13,0,-0.233129366337217,78,"AUCell","MANNE_UP",TRUE,"percentile"
"Late-NK-cells","gdT_4",2,0,-0.08448960167243,12,"AUCell","MANNE_UP",TRUE,"percentile"
"Late-NK-cells","pDC",87,181,0.424585558691057,491,"AUCell","MANNE_UP",TRUE,"percentile"
"Monocytes","ASDC_mDC",0,0,-0.570008709437788,4,"AUCell","MANNE_UP",TRUE,"percentile"
"Monocytes","B naive lambda",0,0,-0.190973723252618,1,"AUCell","MANNE_UP",TRUE,"percentile"
"Monocytes","CD14 Mono",0,110,0.00592604025315207,317,"AUCell","MANNE_UP",TRUE,"percentile"
"Monocytes","CD16 Mono",4,64,1.31317191844219,82,"AUCell","MANNE_UP",TRUE,"percentile"
"Monocytes","CD4 TEM_1",0,0,0.155519267808659,1,"AUCell","MANNE_UP",TRUE,"percentile"
"Monocytes","Doublet",0,4,0.970691583485222,5,"AUCell","MANNE_UP",TRUE,"percentile"
"Monocytes","HSPC",0,3,-0.760380934971545,33,"AUCell","MANNE_UP",TRUE,"percentile"
"Monocytes","NK Proliferating",0,0,0.0109917823013988,2,"AUCell","MANNE_UP",TRUE,"percentile"
"Monocytes","NK_1",0,0,-1.21777157512742,1,"AUCell","MANNE_UP",TRUE,"percentile"
"Monocytes","NK_2",0,1,0.0512108288059998,3,"AUCell","MANNE_UP",TRUE,"percentile"
"Monocytes","NK_4",0,1,-0.0195920985027181,2,"AUCell","MANNE_UP",TRUE,"percentile"
"Monocytes","NK_CD56bright",0,1,-0.0167015487925731,4,"AUCell","MANNE_UP",TRUE,"percentile"
"Monocytes","Platelet",0,3,-0.87541373231909,46,"AUCell","MANNE_UP",TRUE,"percentile"
"Monocytes","cDC1",0,5,-0.102008417183253,17,"AUCell","MANNE_UP",TRUE,"percentile"
"Monocytes","cDC2_1",0,80,-0.142876006662286,304,"AUCell","MANNE_UP",TRUE,"percentile"
"Monocytes","cDC2_2",0,369,0.0403966093780203,1163,"AUCell","MANNE_UP",TRUE,"percentile"
"Monocytes","pDC",0,1,0.214076210323859,2,"AUCell","MANNE_UP",TRUE,"percentile"
"NK-cells","NK_1",0,0,-0.250276614080113,1,"AUCell","MANNE_UP",TRUE,"percentile"
"Naive-B-cells","B intermediate kappa",25,0,-0.685408909686774,383,"AUCell","MANNE_UP",TRUE,"percentile"
"Naive-B-cells","B intermediate lambda",31,0,-0.717203370023215,546,"AUCell","MANNE_UP",TRUE,"percentile"
"Naive-B-cells","B memory kappa",36,0,-0.606325683087641,404,"AUCell","MANNE_UP",TRUE,"percentile"
"Naive-B-cells","B memory lambda",18,0,-0.638950926438637,254,"AUCell","MANNE_UP",TRUE,"percentile"
"Naive-B-cells","B naive kappa",218,0,-0.775634040068404,4325,"AUCell","MANNE_UP",TRUE,"percentile"
"Naive-B-cells","B naive lambda",182,0,-0.71898192327818,2776,"AUCell","MANNE_UP",TRUE,"percentile"
"Naive-B-cells","CD14 Mono",0,0,-0.96178697929134,3,"AUCell","MANNE_UP",TRUE,"percentile"
"Naive-B-cells","CD16 Mono",1,0,0.839180896027519,1,"AUCell","MANNE_UP",TRUE,"percentile"
"Naive-B-cells","Doublet",1,0,0.986505687705888,1,"AUCell","MANNE_UP",TRUE,"percentile"
"Naive-B-cells","NK Proliferating",1,0,0.692229078505298,1,"AUCell","MANNE_UP",TRUE,"percentile"
"Naive-B-cells","NK_1",3,0,-0.259758009733764,19,"AUCell","MANNE_UP",TRUE,"percentile"
"Naive-B-cells","NK_2",1,0,0.491693307216515,3,"AUCell","MANNE_UP",TRUE,"percentile"
"Naive-B-cells","NK_3",1,0,0.627331575335587,1,"AUCell","MANNE_UP",TRUE,"percentile"
"Naive-B-cells","NK_4",0,0,-0.119114035834814,3,"AUCell","MANNE_UP",TRUE,"percentile"
"Naive-B-cells","Platelet",1,0,-0.464214590046473,5,"AUCell","MANNE_UP",TRUE,"percentile"
"Naive-B-cells","cDC2_2",0,0,-0.36776347326666,1,"AUCell","MANNE_UP",TRUE,"percentile"
"Naive-B-cells","gdT_4",0,0,-0.123092426833724,1,"AUCell","MANNE_UP",TRUE,"percentile"
"Neutrophils","CD14 Mono",36,96,0.492095250239159,309,"AUCell","MANNE_UP",TRUE,"percentile"
"Neutrophils","Doublet",0,2,0.0768217208614801,4,"AUCell","MANNE_UP",TRUE,"percentile"
"Neutrophils","NK_1",0,0,-0.224168423149769,1,"AUCell","MANNE_UP",TRUE,"percentile"
"Neutrophils","NK_2",2,0,0.789078034385002,3,"AUCell","MANNE_UP",TRUE,"percentile"
"Neutrophils","NK_3",0,0,0.0339296929044865,1,"AUCell","MANNE_UP",TRUE,"percentile"
"Neutrophils","Platelet",1,0,-0.710047184565698,7,"AUCell","MANNE_UP",TRUE,"percentile"
"Non-classical-Monocytes","CD14 Mono",2,3,0.579880974359009,9,"AUCell","MANNE_UP",TRUE,"percentile"
"Non-classical-Monocytes","CD16 Mono",144,1057,1.40759693177797,1417,"AUCell","MANNE_UP",TRUE,"percentile"
"Non-classical-Monocytes","Doublet",0,40,1.43608299746247,52,"AUCell","MANNE_UP",TRUE,"percentile"
"Non-classical-Monocytes","NK Proliferating",0,0,-0.179784498568185,1,"AUCell","MANNE_UP",TRUE,"percentile"
"Non-classical-Monocytes","NK_1",1,0,-0.0567030270394211,2,"AUCell","MANNE_UP",TRUE,"percentile"
"Non-classical-Monocytes","NK_2",6,0,-0.12501057963677,21,"AUCell","MANNE_UP",TRUE,"percentile"
"Non-classical-Monocytes","NK_4",0,0,-0.368882395735104,2,"AUCell","MANNE_UP",TRUE,"percentile"
"Non-classical-Monocytes","Platelet",0,0,-0.860089359381715,2,"AUCell","MANNE_UP",TRUE,"percentile"
"Non-classical-Monocytes","cDC2_1",0,1,-0.276384805010457,4,"AUCell","MANNE_UP",TRUE,"percentile"
"Non-classical-Monocytes","cDC2_2",1,1,-0.225020935506678,7,"AUCell","MANNE_UP",TRUE,"percentile"
"Non-classical-Monocytes","pDC",0,1,0.632366726443581,2,"AUCell","MANNE_UP",TRUE,"percentile"
"T-cells-CD4","ASDC_mDC",0,0,-0.933565268142825,1,"AUCell","MANNE_UP",TRUE,"percentile"
"T-cells-CD4","CD14 Mono",4,0,0.0421765659126428,9,"AUCell","MANNE_UP",TRUE,"percentile"
"T-cells-CD4","CD16 Mono",5,0,1.58035513912436,5,"AUCell","MANNE_UP",TRUE,"percentile"
"T-cells-CD4","CD4 CTL",454,14,-0.00950473130723389,1519,"AUCell","MANNE_UP",TRUE,"percentile"
"T-cells-CD4","CD4 Naive",4119,4,-0.133140115948454,17071,"AUCell","MANNE_UP",TRUE,"percentile"
"T-cells-CD4","CD4 Proliferating",6,3,0.371977483430132,14,"AUCell","MANNE_UP",TRUE,"percentile"
"T-cells-CD4","CD4 TCM_1",1802,1,-0.0852045258186398,7087,"AUCell","MANNE_UP",TRUE,"percentile"
"T-cells-CD4","CD4 TCM_2",107,5,0.228224275761112,284,"AUCell","MANNE_UP",TRUE,"percentile"
"T-cells-CD4","CD4 TCM_3",1579,3,-0.054600021213146,5853,"AUCell","MANNE_UP",TRUE,"percentile"
"T-cells-CD4","CD4 TEM_1",358,2,-0.116124591462054,1496,"AUCell","MANNE_UP",TRUE,"percentile"
"T-cells-CD4","CD4 TEM_2",81,0,-0.178561555669258,398,"AUCell","MANNE_UP",TRUE,"percentile"
"T-cells-CD4","CD4 TEM_3",514,3,-0.0634092330960834,1883,"AUCell","MANNE_UP",TRUE,"percentile"
"T-cells-CD4","CD4 TEM_4",14,0,-0.246494273599179,78,"AUCell","MANNE_UP",TRUE,"percentile"
"T-cells-CD4","CD8 Naive",0,0,-0.598634475922129,1,"AUCell","MANNE_UP",TRUE,"percentile"
"T-cells-CD4","CD8 Proliferating",3,0,0.370725355905922,6,"AUCell","MANNE_UP",TRUE,"percentile"
"T-cells-CD4","CD8 TCM_2",0,0,-0.0589408719763077,1,"AUCell","MANNE_UP",TRUE,"percentile"
"T-cells-CD4","CD8 TCM_3",3,0,-0.0276576646294137,8,"AUCell","MANNE_UP",TRUE,"percentile"
"T-cells-CD4","CD8 TEM_1",0,0,-0.415877139409722,1,"AUCell","MANNE_UP",TRUE,"percentile"
"T-cells-CD4","CD8 TEM_4",0,0,-0.396606808008754,3,"AUCell","MANNE_UP",TRUE,"percentile"
"T-cells-CD4","Doublet",5,0,-0.104070744870188,21,"AUCell","MANNE_UP",TRUE,"percentile"
"T-cells-CD4","HSPC",0,0,-0.677438586913922,7,"AUCell","MANNE_UP",TRUE,"percentile"
"T-cells-CD4","MAIT",173,0,-0.131267574042621,702,"AUCell","MANNE_UP",TRUE,"percentile"
"T-cells-CD4","NK Proliferating",0,0,-0.55897489065175,3,"AUCell","MANNE_UP",TRUE,"percentile"
"T-cells-CD4","NK_1",3,0,0.0812974107352532,4,"AUCell","MANNE_UP",TRUE,"percentile"
"T-cells-CD4","NK_2",0,0,-0.320955216670115,4,"AUCell","MANNE_UP",TRUE,"percentile"
"T-cells-CD4","NK_3",0,0,-0.567304646805716,1,"AUCell","MANNE_UP",TRUE,"percentile"
"T-cells-CD4","NK_CD56bright",1,0,1.03872206956658,1,"AUCell","MANNE_UP",TRUE,"percentile"
"T-cells-CD4","Platelet",4,1,-0.322604910053077,26,"AUCell","MANNE_UP",TRUE,"percentile"
"T-cells-CD4","Treg Memory",263,1,-0.124422523399521,1118,"AUCell","MANNE_UP",TRUE,"percentile"
"T-cells-CD4","Treg Naive",305,0,-0.179682480916224,1254,"AUCell","MANNE_UP",TRUE,"percentile"
"T-cells-CD4","cDC1",0,1,-0.370523482022154,5,"AUCell","MANNE_UP",TRUE,"percentile"
"T-cells-CD4","cDC2_1",0,0,-0.9294625524252,3,"AUCell","MANNE_UP",TRUE,"percentile"
"T-cells-CD4","cDC2_2",2,0,-0.371534656401043,9,"AUCell","MANNE_UP",TRUE,"percentile"
"T-cells-CD4","dnT_1",1,0,-0.205644040061097,9,"AUCell","MANNE_UP",TRUE,"percentile"
"T-cells-CD4","dnT_2",2,0,-0.170324517698619,11,"AUCell","MANNE_UP",TRUE,"percentile"
"T-cells-CD4","gdT_1",2,0,-0.0324597068898162,6,"AUCell","MANNE_UP",TRUE,"percentile"
"T-cells-CD4","gdT_2",0,0,-0.389520299041947,3,"AUCell","MANNE_UP",TRUE,"percentile"
"T-cells-CD4","gdT_3",2,0,-0.132043806581271,5,"AUCell","MANNE_UP",TRUE,"percentile"
"T-cells-CD4","gdT_4",0,0,0.117848878037735,1,"AUCell","MANNE_UP",TRUE,"percentile"
"T-cells-CD4","pDC",0,3,0.324290073465524,4,"AUCell","MANNE_UP",TRUE,"percentile"
"T-cells-CD8","CD14 Mono",1,0,0.124189438692246,3,"AUCell","MANNE_UP",TRUE,"percentile"
"T-cells-CD8","CD4 Naive",1,0,1.12786289288589,2,"AUCell","MANNE_UP",TRUE,"percentile"
"T-cells-CD8","CD4 TCM_1",1,0,-0.154546580668852,3,"AUCell","MANNE_UP",TRUE,"percentile"
"T-cells-CD8","CD4 TCM_3",0,0,-0.166854727821729,3,"AUCell","MANNE_UP",TRUE,"percentile"
"T-cells-CD8","CD4 TEM_3",0,0,0.104421808416415,1,"AUCell","MANNE_UP",TRUE,"percentile"
"T-cells-CD8","CD8 Naive",2995,9,-0.0203596649665762,9929,"AUCell","MANNE_UP",TRUE,"percentile"
"T-cells-CD8","CD8 Naive_2",40,3,-0.0634485964401796,163,"AUCell","MANNE_UP",TRUE,"percentile"
"T-cells-CD8","CD8 Proliferating",10,0,0.176911140377392,31,"AUCell","MANNE_UP",TRUE,"percentile"
"T-cells-CD8","CD8 TCM_1",178,3,-0.0923893305459068,657,"AUCell","MANNE_UP",TRUE,"percentile"
"T-cells-CD8","CD8 TCM_2",259,2,-0.0755892860896921,997,"AUCell","MANNE_UP",TRUE,"percentile"
"T-cells-CD8","CD8 TCM_3",126,1,-0.0458546661533219,453,"AUCell","MANNE_UP",TRUE,"percentile"
"T-cells-CD8","CD8 TEM_1",476,4,-0.188313896714088,2306,"AUCell","MANNE_UP",TRUE,"percentile"
"T-cells-CD8","CD8 TEM_2",520,8,-0.0912481683858136,2170,"AUCell","MANNE_UP",TRUE,"percentile"
"T-cells-CD8","CD8 TEM_3",70,0,-0.0866184233944426,260,"AUCell","MANNE_UP",TRUE,"percentile"
"T-cells-CD8","CD8 TEM_4",1010,13,0.0170945951262769,3216,"AUCell","MANNE_UP",TRUE,"percentile"
"T-cells-CD8","CD8 TEM_5",602,5,0.0509233021360856,1810,"AUCell","MANNE_UP",TRUE,"percentile"
"T-cells-CD8","CD8 TEM_6",90,1,-0.00488448427862454,300,"AUCell","MANNE_UP",TRUE,"percentile"
"T-cells-CD8","MAIT",316,0,-0.164766694170895,1400,"AUCell","MANNE_UP",TRUE,"percentile"
"T-cells-CD8","NK Proliferating",1,0,-0.248660392736806,6,"AUCell","MANNE_UP",TRUE,"percentile"
"T-cells-CD8","NK_1",1,0,-0.0926950331076808,2,"AUCell","MANNE_UP",TRUE,"percentile"
"T-cells-CD8","NK_2",3,0,0.0787883118666227,11,"AUCell","MANNE_UP",TRUE,"percentile"
"T-cells-CD8","NK_4",1,0,0.251560113016709,2,"AUCell","MANNE_UP",TRUE,"percentile"
"T-cells-CD8","NK_CD56bright",2,0,0.772418522077068,2,"AUCell","MANNE_UP",TRUE,"percentile"
"T-cells-CD8","Platelet",6,0,0.125246198801332,18,"AUCell","MANNE_UP",TRUE,"percentile"
"T-cells-CD8","Treg Memory",1,0,0.161238204869592,3,"AUCell","MANNE_UP",TRUE,"percentile"
"T-cells-CD8","Treg Naive",0,0,-0.475553004393365,1,"AUCell","MANNE_UP",TRUE,"percentile"
"T-cells-CD8","dnT_1",2,0,-0.369959876630642,9,"AUCell","MANNE_UP",TRUE,"percentile"
"T-cells-CD8","gdT_1",13,0,-0.0806224485797399,38,"AUCell","MANNE_UP",TRUE,"percentile"
"T-cells-CD8","gdT_2",35,0,0.000497111852626758,127,"AUCell","MANNE_UP",TRUE,"percentile"
"T-cells-CD8","gdT_3",2,0,-0.293961212118921,8,"AUCell","MANNE_UP",TRUE,"percentile"
"T-cells-CD8","gdT_4",10,0,-0.119073440008295,49,"AUCell","MANNE_UP",TRUE,"percentile"
"Total-memory-B-cells","B intermediate kappa",52,0,-0.657756305788676,653,"AUCell","MANNE_UP",TRUE,"percentile"
"Total-memory-B-cells","B intermediate lambda",47,0,-0.621088962201563,569,"AUCell","MANNE_UP",TRUE,"percentile"
"Total-memory-B-cells","B memory kappa",127,2,-0.574754725139067,1507,"AUCell","MANNE_UP",TRUE,"percentile"
"Total-memory-B-cells","B memory lambda",50,1,-0.64286108346482,927,"AUCell","MANNE_UP",TRUE,"percentile"
"Total-memory-B-cells","B naive kappa",7,0,-0.735200221697388,163,"AUCell","MANNE_UP",TRUE,"percentile"
"Total-memory-B-cells","B naive lambda",2,0,-0.800629426804263,38,"AUCell","MANNE_UP",TRUE,"percentile"
"Total-memory-B-cells","CD14 Mono",0,0,-0.21745488833911,1,"AUCell","MANNE_UP",TRUE,"percentile"
"Total-memory-B-cells","CD16 Mono",0,0,-0.634439994912315,1,"AUCell","MANNE_UP",TRUE,"percentile"
"Total-memory-B-cells","CD4 Naive",0,0,0.156265216120955,1,"AUCell","MANNE_UP",TRUE,"percentile"
"Total-memory-B-cells","CD4 TCM_3",0,0,-0.142300595875334,2,"AUCell","MANNE_UP",TRUE,"percentile"
"Total-memory-B-cells","CD8 Naive",1,0,0.599358513624504,1,"AUCell","MANNE_UP",TRUE,"percentile"
"Total-memory-B-cells","CD8 TEM_2",1,0,0.723185933465563,1,"AUCell","MANNE_UP",TRUE,"percentile"
"Total-memory-B-cells","CD8 TEM_6",1,0,0.33417388860344,1,"AUCell","MANNE_UP",TRUE,"percentile"
"Total-memory-B-cells","Doublet",0,0,-0.0156758698631667,1,"AUCell","MANNE_UP",TRUE,"percentile"
"Total-memory-B-cells","ILC",0,0,-0.285709158914151,1,"AUCell","MANNE_UP",TRUE,"percentile"
"Total-memory-B-cells","NK_1",1,0,-0.235544134912276,2,"AUCell","MANNE_UP",TRUE,"percentile"
"Total-memory-B-cells","Plasma",3,1,1.2916917909738,4,"AUCell","MANNE_UP",TRUE,"percentile"
"Total-memory-B-cells","Plasmablast",0,0,-0.683299609367673,1,"AUCell","MANNE_UP",TRUE,"percentile"
"Total-memory-B-cells","Platelet",0,0,-1.74590298023267,1,"AUCell","MANNE_UP",TRUE,"percentile"
"cDC1","ASDC_mDC",0,0,0.14358409481193,1,"AUCell","MANNE_UP",TRUE,"percentile"
"cDC1","CD14 Mono",0,0,-0.521428825599541,1,"AUCell","MANNE_UP",TRUE,"percentile"
"cDC1","CD16 Mono",0,1,1.11182500417154,1,"AUCell","MANNE_UP",TRUE,"percentile"
"cDC1","cDC1",1,0,-0.486199721214311,44,"AUCell","MANNE_UP",TRUE,"percentile"
"cDC1","cDC2_1",0,0,-1.04956023070478,1,"AUCell","MANNE_UP",TRUE,"percentile"
"cDC1","cDC2_2",1,0,0.542977253686833,6,"AUCell","MANNE_UP",TRUE,"percentile"
"cDC2","CD14 Mono",743,1219,0.189160282998545,5355,"AUCell","MANNE_UP",TRUE,"percentile"
"cDC2","CD16 Mono",65,146,1.05069678045972,283,"AUCell","MANNE_UP",TRUE,"percentile"
"cDC2","CD4 CTL",0,0,-0.00448664517873366,1,"AUCell","MANNE_UP",TRUE,"percentile"
"cDC2","CD4 Naive",7,3,0.0112755669854243,23,"AUCell","MANNE_UP",TRUE,"percentile"
"cDC2","CD4 Proliferating",0,1,0.297622421300959,2,"AUCell","MANNE_UP",TRUE,"percentile"
"cDC2","CD4 TCM_1",3,2,-0.191784536635548,23,"AUCell","MANNE_UP",TRUE,"percentile"
"cDC2","CD4 TCM_3",2,0,0.00473114468034699,7,"AUCell","MANNE_UP",TRUE,"percentile"
"cDC2","CD4 TEM_1",0,0,-0.838829832481292,2,"AUCell","MANNE_UP",TRUE,"percentile"
"cDC2","CD4 TEM_2",1,0,0.609801789996641,1,"AUCell","MANNE_UP",TRUE,"percentile"
"cDC2","CD4 TEM_3",1,0,0.00371878625651734,2,"AUCell","MANNE_UP",TRUE,"percentile"
"cDC2","CD8 Naive",7,0,0.0475923251507417,19,"AUCell","MANNE_UP",TRUE,"percentile"
"cDC2","CD8 TCM_2",0,0,-0.215217043402223,1,"AUCell","MANNE_UP",TRUE,"percentile"
"cDC2","CD8 TEM_1",0,0,-0.546791068217589,9,"AUCell","MANNE_UP",TRUE,"percentile"
"cDC2","CD8 TEM_2",0,0,-0.47145028867574,1,"AUCell","MANNE_UP",TRUE,"percentile"
"cDC2","CD8 TEM_4",0,1,0.101251528089159,2,"AUCell","MANNE_UP",TRUE,"percentile"
"cDC2","CD8 TEM_5",1,0,0.842724150510923,2,"AUCell","MANNE_UP",TRUE,"percentile"
"cDC2","Doublet",3,23,0.654315821841998,43,"AUCell","MANNE_UP",TRUE,"percentile"
"cDC2","HSPC",0,0,-0.871558314683259,4,"AUCell","MANNE_UP",TRUE,"percentile"
"cDC2","MAIT",1,0,-0.328153617883767,5,"AUCell","MANNE_UP",TRUE,"percentile"
"cDC2","NK Proliferating",0,0,-0.515461239101177,2,"AUCell","MANNE_UP",TRUE,"percentile"
"cDC2","NK_1",0,1,1.16404138603223,1,"AUCell","MANNE_UP",TRUE,"percentile"
"cDC2","NK_2",1,1,-0.355306136451325,10,"AUCell","MANNE_UP",TRUE,"percentile"
"cDC2","Platelet",0,2,-0.632930337613621,21,"AUCell","MANNE_UP",TRUE,"percentile"
"cDC2","Treg Naive",0,0,-0.71326186657821,3,"AUCell","MANNE_UP",TRUE,"percentile"
"cDC2","cDC2_1",3,8,-0.175959345013274,43,"AUCell","MANNE_UP",TRUE,"percentile"
"cDC2","cDC2_2",3,18,0.143405378028776,48,"AUCell","MANNE_UP",TRUE,"percentile"
"cDC2","gdT_1",0,1,0.0587946366476712,3,"AUCell","MANNE_UP",TRUE,"percentile"
"pDCs","ASDC_mDC",0,0,-0.637423788161497,3,"AUCell","MANNE_UP",TRUE,"percentile"
"pDCs","ASDC_pDC",0,0,-0.116751866179212,3,"AUCell","MANNE_UP",TRUE,"percentile"
"pDCs","pDC",2,6,0.503006856619663,12,"AUCell","MANNE_UP",TRUE,"percentile"
"unknown-R11","CD14 Mono",0,0,-0.437012341591429,3,"AUCell","MANNE_UP",TRUE,"percentile"
"unknown-R11","CD16 Mono",1,0,2.27625031966487,1,"AUCell","MANNE_UP",TRUE,"percentile"
"unknown-R11","CD4 CTL",0,0,-0.169714196352195,1,"AUCell","MANNE_UP",TRUE,"percentile"
"unknown-R11","CD4 Naive",2,0,-0.260502322194498,12,"AUCell","MANNE_UP",TRUE,"percentile"
"unknown-R11","CD4 TCM_1",3,0,-0.106028859189964,12,"AUCell","MANNE_UP",TRUE,"percentile"
"unknown-R11","CD4 TCM_3",3,0,0.091164272502435,11,"AUCell","MANNE_UP",TRUE,"percentile"
"unknown-R11","CD4 TEM_1",0,0,-0.147335746983329,2,"AUCell","MANNE_UP",TRUE,"percentile"
"unknown-R11","CD4 TEM_2",1,0,0.214822158636154,2,"AUCell","MANNE_UP",TRUE,"percentile"
"unknown-R11","CD4 TEM_3",7,0,0.0171280952037347,21,"AUCell","MANNE_UP",TRUE,"percentile"
"unknown-R11","CD8 Naive",8,0,-0.196698876549486,40,"AUCell","MANNE_UP",TRUE,"percentile"
"unknown-R11","CD8 Naive_2",1,0,0.381914580590355,1,"AUCell","MANNE_UP",TRUE,"percentile"
"unknown-R11","CD8 TCM_1",1,0,0.177773392458809,3,"AUCell","MANNE_UP",TRUE,"percentile"
"unknown-R11","CD8 TCM_2",7,0,-0.211964361807911,43,"AUCell","MANNE_UP",TRUE,"percentile"
"unknown-R11","CD8 TCM_3",2,0,0.141346249875044,5,"AUCell","MANNE_UP",TRUE,"percentile"
"unknown-R11","CD8 TEM_1",6,0,-0.388618056797551,35,"AUCell","MANNE_UP",TRUE,"percentile"
"unknown-R11","CD8 TEM_2",7,0,-0.0802908168539785,33,"AUCell","MANNE_UP",TRUE,"percentile"
"unknown-R11","CD8 TEM_3",1,0,0.017145855877837,2,"AUCell","MANNE_UP",TRUE,"percentile"
"unknown-R11","CD8 TEM_4",13,0,0.0242482360853317,47,"AUCell","MANNE_UP",TRUE,"percentile"
"unknown-R11","CD8 TEM_5",11,0,0.0647848276403474,33,"AUCell","MANNE_UP",TRUE,"percentile"
"unknown-R11","CD8 TEM_6",7,0,0.316271129108347,13,"AUCell","MANNE_UP",TRUE,"percentile"
"unknown-R11","HSPC",1,0,-0.847106306612952,21,"AUCell","MANNE_UP",TRUE,"percentile"
"unknown-R11","ILC",0,0,-0.165797967712643,2,"AUCell","MANNE_UP",TRUE,"percentile"
"unknown-R11","MAIT",101,0,-0.134382753852056,439,"AUCell","MANNE_UP",TRUE,"percentile"
"unknown-R11","NK Proliferating",1,0,-0.148454669451772,6,"AUCell","MANNE_UP",TRUE,"percentile"
"unknown-R11","NK_1",3,0,0.269873144083565,5,"AUCell","MANNE_UP",TRUE,"percentile"
"unknown-R11","NK_2",7,0,0.182186919973225,18,"AUCell","MANNE_UP",TRUE,"percentile"
"unknown-R11","NK_3",1,0,-0.233399533514427,8,"AUCell","MANNE_UP",TRUE,"percentile"
"unknown-R11","NK_4",1,0,-0.258929614502741,5,"AUCell","MANNE_UP",TRUE,"percentile"
"unknown-R11","NK_CD56bright",1,0,0.0251026378756561,3,"AUCell","MANNE_UP",TRUE,"percentile"
"unknown-R11","Platelet",1,0,-0.881199696619678,20,"AUCell","MANNE_UP",TRUE,"percentile"
"unknown-R11","Treg Memory",0,0,-0.547785665967316,3,"AUCell","MANNE_UP",TRUE,"percentile"
"unknown-R11","cDC1",0,0,-0.779153967497649,2,"AUCell","MANNE_UP",TRUE,"percentile"
"unknown-R11","cDC2_2",0,0,-0.287201055538742,1,"AUCell","MANNE_UP",TRUE,"percentile"
"unknown-R11","dnT_1",45,0,-0.107366522790865,159,"AUCell","MANNE_UP",TRUE,"percentile"
"unknown-R11","dnT_2",14,0,0.423859052583081,37,"AUCell","MANNE_UP",TRUE,"percentile"
"unknown-R11","gdT_1",388,0,-0.0640400331571023,1413,"AUCell","MANNE_UP",TRUE,"percentile"
"unknown-R11","gdT_2",206,0,0.0506953207551626,594,"AUCell","MANNE_UP",TRUE,"percentile"
"unknown-R11","gdT_3",132,0,-0.0715481836628522,475,"AUCell","MANNE_UP",TRUE,"percentile"
"unknown-R11","gdT_4",89,0,-0.118556359942506,383,"AUCell","MANNE_UP",TRUE,"percentile"
"unknown-R13","CD4 CTL",26,0,0.0650980854458501,67,"AUCell","MANNE_UP",TRUE,"percentile"
"unknown-R13","CD4 Naive",0,0,-0.126449194239054,1,"AUCell","MANNE_UP",TRUE,"percentile"
"unknown-R13","CD4 TCM_1",0,0,-0.251768510704704,2,"AUCell","MANNE_UP",TRUE,"percentile"
"unknown-R13","CD4 TCM_3",0,0,-0.143978979577999,1,"AUCell","MANNE_UP",TRUE,"percentile"
"unknown-R13","CD4 TEM_1",1,0,0.0354215895290777,5,"AUCell","MANNE_UP",TRUE,"percentile"
"unknown-R13","CD4 TEM_3",0,0,-0.0686382000361498,2,"AUCell","MANNE_UP",TRUE,"percentile"
"unknown-R13","CD4 TEM_4",0,0,-0.127941090863645,1,"AUCell","MANNE_UP",TRUE,"percentile"
"unknown-R13","CD8 Naive",16,0,-0.0455559123403596,62,"AUCell","MANNE_UP",TRUE,"percentile"
"unknown-R13","CD8 Naive_2",1,0,0.209041059215864,2,"AUCell","MANNE_UP",TRUE,"percentile"
"unknown-R13","CD8 TCM_1",2,0,0.00533500759982429,3,"AUCell","MANNE_UP",TRUE,"percentile"
"unknown-R13","CD8 TCM_2",14,0,-0.160270209228604,53,"AUCell","MANNE_UP",TRUE,"percentile"
"unknown-R13","CD8 TCM_3",1,0,-0.328899566196063,5,"AUCell","MANNE_UP",TRUE,"percentile"
"unknown-R13","CD8 TEM_1",8,0,-0.219919761023216,23,"AUCell","MANNE_UP",TRUE,"percentile"
"unknown-R13","CD8 TEM_2",6,0,0.185642415831652,17,"AUCell","MANNE_UP",TRUE,"percentile"
"unknown-R13","CD8 TEM_3",0,0,-0.738033566782357,4,"AUCell","MANNE_UP",TRUE,"percentile"
"unknown-R13","CD8 TEM_4",15,0,0.019698656768804,45,"AUCell","MANNE_UP",TRUE,"percentile"
"unknown-R13","CD8 TEM_5",2,0,0.538812375609849,3,"AUCell","MANNE_UP",TRUE,"percentile"
"unknown-R13","CD8 TEM_6",0,0,-0.261092864608398,1,"AUCell","MANNE_UP",TRUE,"percentile"
"unknown-R13","MAIT",23,0,-0.0713243674435575,99,"AUCell","MANNE_UP",TRUE,"percentile"
"unknown-R13","NK_2",0,0,-0.291303771256368,1,"AUCell","MANNE_UP",TRUE,"percentile"
"unknown-R13","NK_4",0,0,0.132767844283645,1,"AUCell","MANNE_UP",TRUE,"percentile"
"unknown-R13","Platelet",1,0,0.489331137560912,1,"AUCell","MANNE_UP",TRUE,"percentile"
"unknown-R13","Treg Naive",1,0,0.64187756742535,1,"AUCell","MANNE_UP",TRUE,"percentile"
"unknown-R16","CD4 Naive",0,0,-0.111903202149291,1,"AUCell","MANNE_UP",TRUE,"percentile"
"unknown-R16","CD8 Naive",2,0,0.475531093783445,3,"AUCell","MANNE_UP",TRUE,"percentile"
"unknown-R16","Treg Naive",0,0,-0.469585417895001,1,"AUCell","MANNE_UP",TRUE,"percentile"
"unknown-R16","gdT_1",0,0,-0.704186162111948,1,"AUCell","MANNE_UP",TRUE,"percentile"
"unknown-R40","CD16 Mono",1,0,2.57985128276915,1,"AUCell","MANNE_UP",TRUE,"percentile"
"unknown-Singlets","B intermediate kappa",2,0,-0.486493579640367,6,"AUCell","MANNE_UP",TRUE,"percentile"
"unknown-Singlets","B intermediate lambda",0,0,-0.983232993269836,6,"AUCell","MANNE_UP",TRUE,"percentile"
"unknown-Singlets","B memory kappa",0,0,-0.587403809664791,9,"AUCell","MANNE_UP",TRUE,"percentile"
"unknown-Singlets","B memory lambda",1,0,-0.130551909956679,4,"AUCell","MANNE_UP",TRUE,"percentile"
"unknown-Singlets","B naive kappa",1,0,-0.77909381037569,31,"AUCell","MANNE_UP",TRUE,"percentile"
"unknown-Singlets","B naive lambda",1,0,-0.528658786164867,13,"AUCell","MANNE_UP",TRUE,"percentile"
"unknown-Singlets","CD14 Mono",12,0,0.420531750911501,26,"AUCell","MANNE_UP",TRUE,"percentile"
"unknown-Singlets","CD16 Mono",5,0,0.787834787197843,6,"AUCell","MANNE_UP",TRUE,"percentile"
"unknown-Singlets","CD4 CTL",0,0,0.0126701660040637,1,"AUCell","MANNE_UP",TRUE,"percentile"
"unknown-Singlets","CD4 Naive",1,0,-0.110286980805984,6,"AUCell","MANNE_UP",TRUE,"percentile"
"unknown-Singlets","CD4 TCM_1",1,0,-0.0476024576294156,5,"AUCell","MANNE_UP",TRUE,"percentile"
"unknown-Singlets","CD4 TCM_2",0,0,0.0747703630026671,2,"AUCell","MANNE_UP",TRUE,"percentile"
"unknown-Singlets","CD4 TCM_3",1,0,-0.117964032186692,4,"AUCell","MANNE_UP",TRUE,"percentile"
"unknown-Singlets","CD4 TEM_3",0,0,-0.354243160106304,4,"AUCell","MANNE_UP",TRUE,"percentile"
"unknown-Singlets","CD8 Naive",3,0,0.498282517308459,4,"AUCell","MANNE_UP",TRUE,"percentile"
"unknown-Singlets","CD8 TCM_1",0,0,-0.381377029966054,2,"AUCell","MANNE_UP",TRUE,"percentile"
"unknown-Singlets","CD8 TCM_2",0,0,-0.214844069246075,1,"AUCell","MANNE_UP",TRUE,"percentile"
"unknown-Singlets","CD8 TEM_1",0,0,-0.355082351957636,6,"AUCell","MANNE_UP",TRUE,"percentile"
"unknown-Singlets","CD8 TEM_2",0,0,-0.997716823000241,1,"AUCell","MANNE_UP",TRUE,"percentile"
"unknown-Singlets","CD8 TEM_4",0,0,0.175286898084491,1,"AUCell","MANNE_UP",TRUE,"percentile"
"unknown-Singlets","CD8 TEM_6",1,0,-0.1104113055247,2,"AUCell","MANNE_UP",TRUE,"percentile"
"unknown-Singlets","Doublet",0,0,-0.766099872032477,2,"AUCell","MANNE_UP",TRUE,"percentile"
"unknown-Singlets","MAIT",0,0,-0.214719744527359,3,"AUCell","MANNE_UP",TRUE,"percentile"
"unknown-Singlets","NK_1",0,0,-0.709141390186482,7,"AUCell","MANNE_UP",TRUE,"percentile"
"unknown-Singlets","NK_2",2,0,-0.0810955368514852,5,"AUCell","MANNE_UP",TRUE,"percentile"
"unknown-Singlets","Platelet",0,0,-1.29339208528638,4,"AUCell","MANNE_UP",TRUE,"percentile"
"unknown-Singlets","Treg Memory",0,0,0.000734993007335071,1,"AUCell","MANNE_UP",TRUE,"percentile"
"unknown-Singlets","Treg Naive",0,0,-0.905219232275595,1,"AUCell","MANNE_UP",TRUE,"percentile"
"unknown-Singlets","cDC2_2",0,0,-0.412520372004392,1,"AUCell","MANNE_UP",TRUE,"percentile"
"unknown-Singlets","gdT_2",0,0,-0.434898821373259,1,"AUCell","MANNE_UP",TRUE,"percentile"
"unknown-Singlets","gdT_4",0,0,-0.766472846188625,1,"AUCell","MANNE_UP",TRUE,"percentile"
"unknown-nonBcells","CD4 Naive",1,0,-0.197836447725737,5,"AUCell","MANNE_UP",TRUE,"percentile"
"unknown-nonBcells","CD4 TCM_1",0,0,-0.157033075043171,1,"AUCell","MANNE_UP",TRUE,"percentile"
"unknown-nonBcells","CD4 TCM_3",0,0,-0.351974233989738,3,"AUCell","MANNE_UP",TRUE,"percentile"
"unknown-nonBcells","CD8 Naive",1,0,0.350087452599079,3,"AUCell","MANNE_UP",TRUE,"percentile"
"unknown-nonBcells","CD8 TCM_1",0,0,-0.482639513360173,1,"AUCell","MANNE_UP",TRUE,"percentile"
"unknown-nonBcells","CD8 TEM_1",0,0,-0.493642250966532,2,"AUCell","MANNE_UP",TRUE,"percentile"
"unknown-nonBcells","CD8 TEM_2",0,0,-0.232746828741168,1,"AUCell","MANNE_UP",TRUE,"percentile"
"unknown-nonBcells","Doublet",2,0,0.144236799585189,8,"AUCell","MANNE_UP",TRUE,"percentile"
"unknown-nonBcells","MAIT",0,0,-0.504272014416743,2,"AUCell","MANNE_UP",TRUE,"percentile"
"unknown-nonBcells","gdT_2",0,0,-0.570661414211046,1,"AUCell","MANNE_UP",TRUE,"percentile"
"unknown-nonBcells-nonMonocytes","NK_1",1,0,0.24727091022101,1,"AUCell","MANNE_UP",TRUE,"percentile"
"unknown-nonBcells-nonMonocytes","NK_3",1,0,0.675072267322501,1,"AUCell","MANNE_UP",TRUE,"percentile"
"unknown-nonBcells-nonMonocytes","NK_4",0,0,-0.345664754514905,4,"AUCell","MANNE_UP",TRUE,"percentile"
"unknown-nonBcells-nonMonocytes","NK_CD56bright",14,0,-0.00356664226023576,45,"AUCell","MANNE_UP",TRUE,"percentile"
"unknown-nonBcells-nonMonocytes","Platelet",0,0,-0.181276395192776,1,"AUCell","MANNE_UP",TRUE,"percentile"
"unknown-nonBcells-nonMonocytes","cDC2_2",0,0,-1.17301467638969,2,"AUCell","MANNE_UP",TRUE,"percentile"
"unknown-nonTcell-nonNKcell","ASDC_mDC",0,0,-0.250649588236261,3,"AUCell","MANNE_UP",TRUE,"percentile"
"unknown-nonTcell-nonNKcell","ASDC_pDC",1,0,0.336784707696475,1,"AUCell","MANNE_UP",TRUE,"percentile"
"unknown-nonTcell-nonNKcell","B intermediate kappa",1,0,0.367368588500592,1,"AUCell","MANNE_UP",TRUE,"percentile"
"unknown-nonTcell-nonNKcell","B memory kappa",0,0,-0.80321080056918,2,"AUCell","MANNE_UP",TRUE,"percentile"
"unknown-nonTcell-nonNKcell","B memory lambda",0,0,-0.0652814326308199,1,"AUCell","MANNE_UP",TRUE,"percentile"
"unknown-nonTcell-nonNKcell","B naive kappa",0,0,-1.05963053292077,2,"AUCell","MANNE_UP",TRUE,"percentile"
"unknown-nonTcell-nonNKcell","CD14 Mono",422,0,0.207626252446875,1166,"AUCell","MANNE_UP",TRUE,"percentile"
"unknown-nonTcell-nonNKcell","CD16 Mono",51,0,1.31884430954136,60,"AUCell","MANNE_UP",TRUE,"percentile"
"unknown-nonTcell-nonNKcell","CD4 CTL",5,0,0.129108035376445,16,"AUCell","MANNE_UP",TRUE,"percentile"
"unknown-nonTcell-nonNKcell","CD4 Naive",21,0,-0.0952322388804229,76,"AUCell","MANNE_UP",TRUE,"percentile"
"unknown-nonTcell-nonNKcell","CD4 Proliferating",0,0,-0.622877796071734,1,"AUCell","MANNE_UP",TRUE,"percentile"
"unknown-nonTcell-nonNKcell","CD4 TCM_1",55,0,-0.0805245311790971,168,"AUCell","MANNE_UP",TRUE,"percentile"
"unknown-nonTcell-nonNKcell","CD4 TCM_2",1,0,-0.0778879591086145,5,"AUCell","MANNE_UP",TRUE,"percentile"
"unknown-nonTcell-nonNKcell","CD4 TCM_3",41,0,-0.162826312675644,169,"AUCell","MANNE_UP",TRUE,"percentile"
"unknown-nonTcell-nonNKcell","CD4 TEM_1",13,0,-0.218151106763919,60,"AUCell","MANNE_UP",TRUE,"percentile"
"unknown-nonTcell-nonNKcell","CD4 TEM_2",3,0,-0.0533462596340912,7,"AUCell","MANNE_UP",TRUE,"percentile"
"unknown-nonTcell-nonNKcell","CD4 TEM_3",5,0,-0.267293559954355,32,"AUCell","MANNE_UP",TRUE,"percentile"
"unknown-nonTcell-nonNKcell","CD8 Naive",10,0,-0.116201285282041,42,"AUCell","MANNE_UP",TRUE,"percentile"
"unknown-nonTcell-nonNKcell","CD8 Naive_2",1,0,0.0374107850285324,3,"AUCell","MANNE_UP",TRUE,"percentile"
"unknown-nonTcell-nonNKcell","CD8 TCM_1",5,0,-0.314362349968797,17,"AUCell","MANNE_UP",TRUE,"percentile"
"unknown-nonTcell-nonNKcell","CD8 TCM_2",11,0,-0.00402448155046352,46,"AUCell","MANNE_UP",TRUE,"percentile"
"unknown-nonTcell-nonNKcell","CD8 TCM_3",2,0,0.0789197004898112,8,"AUCell","MANNE_UP",TRUE,"percentile"
"unknown-nonTcell-nonNKcell","CD8 TEM_1",16,0,-0.252993997217761,77,"AUCell","MANNE_UP",TRUE,"percentile"
"unknown-nonTcell-nonNKcell","CD8 TEM_2",7,0,-0.0545106667557234,41,"AUCell","MANNE_UP",TRUE,"percentile"
"unknown-nonTcell-nonNKcell","CD8 TEM_3",2,0,-0.0913629825500102,14,"AUCell","MANNE_UP",TRUE,"percentile"
"unknown-nonTcell-nonNKcell","CD8 TEM_4",14,0,-0.0905847845926343,57,"AUCell","MANNE_UP",TRUE,"percentile"
"unknown-nonTcell-nonNKcell","CD8 TEM_5",5,0,-0.0369540454713968,20,"AUCell","MANNE_UP",TRUE,"percentile"
"unknown-nonTcell-nonNKcell","CD8 TEM_6",12,0,-0.0330891007783156,32,"AUCell","MANNE_UP",TRUE,"percentile"
"unknown-nonTcell-nonNKcell","Doublet",10,0,1.02196487355108,14,"AUCell","MANNE_UP",TRUE,"percentile"
"unknown-nonTcell-nonNKcell","Eryth",0,0,-0.0574489753517168,1,"AUCell","MANNE_UP",TRUE,"percentile"
"unknown-nonTcell-nonNKcell","HSPC",3,0,-0.829667641254184,92,"AUCell","MANNE_UP",TRUE,"percentile"
"unknown-nonTcell-nonNKcell","ILC",7,0,-0.100807221003895,24,"AUCell","MANNE_UP",TRUE,"percentile"
"unknown-nonTcell-nonNKcell","MAIT",13,0,-0.279710491236108,60,"AUCell","MANNE_UP",TRUE,"percentile"
"unknown-nonTcell-nonNKcell","NK Proliferating",8,0,-0.0490909635798599,22,"AUCell","MANNE_UP",TRUE,"percentile"
"unknown-nonTcell-nonNKcell","NK_1",94,0,-0.148303724616814,425,"AUCell","MANNE_UP",TRUE,"percentile"
"unknown-nonTcell-nonNKcell","NK_2",45,0,-0.0465254642817942,153,"AUCell","MANNE_UP",TRUE,"percentile"
"unknown-nonTcell-nonNKcell","NK_3",20,0,-0.0613057740433107,91,"AUCell","MANNE_UP",TRUE,"percentile"
"unknown-nonTcell-nonNKcell","NK_4",23,0,0.0322957108870773,63,"AUCell","MANNE_UP",TRUE,"percentile"
"unknown-nonTcell-nonNKcell","NK_CD56bright",22,0,0.0319625550164169,62,"AUCell","MANNE_UP",TRUE,"percentile"
"unknown-nonTcell-nonNKcell","Platelet",82,0,-0.863537722512168,1641,"AUCell","MANNE_UP",TRUE,"percentile"
"unknown-nonTcell-nonNKcell","Treg Memory",5,0,-0.222011659551176,23,"AUCell","MANNE_UP",TRUE,"percentile"
"unknown-nonTcell-nonNKcell","Treg Naive",0,0,-0.666267122903591,6,"AUCell","MANNE_UP",TRUE,"percentile"
"unknown-nonTcell-nonNKcell","cDC1",7,0,-0.380423482830997,53,"AUCell","MANNE_UP",TRUE,"percentile"
"unknown-nonTcell-nonNKcell","cDC2_1",3,0,-0.259359631765123,17,"AUCell","MANNE_UP",TRUE,"percentile"
"unknown-nonTcell-nonNKcell","cDC2_2",19,0,-0.238627764678003,99,"AUCell","MANNE_UP",TRUE,"percentile"
"unknown-nonTcell-nonNKcell","gdT_2",1,0,0.435249884919486,1,"AUCell","MANNE_UP",TRUE,"percentile"
"unknown-nonTcell-nonNKcell","gdT_3",1,0,-0.288413221546222,12,"AUCell","MANNE_UP",TRUE,"percentile"
"unknown-nonTcell-nonNKcell","gdT_4",0,0,0.0167728817216893,2,"AUCell","MANNE_UP",TRUE,"percentile"
"unknown-nonTcell-nonNKcell","pDC",15,0,0.341078692212125,39,"AUCell","MANNE_UP",TRUE,"percentile"
"unknown-noncDCs","CD4 Naive",0,0,-0.597142579297538,1,"AUCell","MANNE_UP",TRUE,"percentile"
"unknown-noncDCs","CD4 TCM_1",1,0,0.64336946404994,1,"AUCell","MANNE_UP",TRUE,"percentile"
"unknown-noncDCs","CD4 TCM_3",0,0,-0.760132285534113,1,"AUCell","MANNE_UP",TRUE,"percentile"
"unknown-noncDCs","CD4 TEM_3",0,0,-0.225287345618213,2,"AUCell","MANNE_UP",TRUE,"percentile"
"unknown-noncDCs","CD8 TEM_6",1,0,1.31546889342822,1,"AUCell","MANNE_UP",TRUE,"percentile"
"unknown-noncDCs","MAIT",0,0,-0.750434957474271,1,"AUCell","MANNE_UP",TRUE,"percentile"
"unknown-noncDCs","NK_4",1,0,0.413990358019063,1,"AUCell","MANNE_UP",TRUE,"percentile"
"unknown-noncDCs","NK_CD56bright",8,0,-0.0297149996381647,39,"AUCell","MANNE_UP",TRUE,"percentile"
"unknown-noncDCs","Treg Naive",0,0,-0.560218137838909,2,"AUCell","MANNE_UP",TRUE,"percentile"
